-- --------------------------------------------------------
-- Host:                         127.0.0.1
-- Versión del servidor:         9.1.0 - MySQL Community Server - GPL
-- SO del servidor:              Win64
-- HeidiSQL Versión:             12.12.0.7122
-- --------------------------------------------------------

/*!40101 SET @OLD_CHARACTER_SET_CLIENT=@@CHARACTER_SET_CLIENT */;
/*!40101 SET NAMES utf8 */;
/*!50503 SET NAMES utf8mb4 */;
/*!40103 SET @OLD_TIME_ZONE=@@TIME_ZONE */;
/*!40103 SET TIME_ZONE='+00:00' */;
/*!40014 SET @OLD_FOREIGN_KEY_CHECKS=@@FOREIGN_KEY_CHECKS, FOREIGN_KEY_CHECKS=0 */;
/*!40101 SET @OLD_SQL_MODE=@@SQL_MODE, SQL_MODE='NO_AUTO_VALUE_ON_ZERO' */;
/*!40111 SET @OLD_SQL_NOTES=@@SQL_NOTES, SQL_NOTES=0 */;


-- Volcando estructura de base de datos para quizz-tech-backend
CREATE DATABASE IF NOT EXISTS `quizz-tech-backend` /*!40100 DEFAULT CHARACTER SET utf8mb4 COLLATE utf8mb4_0900_ai_ci */ /*!80016 DEFAULT ENCRYPTION='N' */;
USE `quizz-tech-backend`;

-- Volcando estructura para tabla quizz-tech-backend.achievements
CREATE TABLE IF NOT EXISTS `achievements` (
  `id` int unsigned NOT NULL AUTO_INCREMENT,
  `key` varchar(100) NOT NULL,
  `title` varchar(255) NOT NULL,
  `description` text,
  `icon` varchar(255) DEFAULT NULL,
  `criteria` json DEFAULT NULL,
  `xp_reward` int NOT NULL DEFAULT '0',
  `is_hidden` tinyint(1) NOT NULL DEFAULT '0',
  `created_at` timestamp NOT NULL DEFAULT CURRENT_TIMESTAMP,
  PRIMARY KEY (`id`),
  UNIQUE KEY `key` (`key`)
) ENGINE=InnoDB AUTO_INCREMENT=13 DEFAULT CHARSET=utf8mb4 COLLATE=utf8mb4_0900_ai_ci;

-- Volcando datos para la tabla quizz-tech-backend.achievements: ~6 rows (aproximadamente)
INSERT INTO `achievements` (`id`, `key`, `title`, `description`, `icon`, `criteria`, `xp_reward`, `is_hidden`, `created_at`) VALUES
	(1, 'first_quiz', 'Primer paso', 'Completa tu primer quiz.', NULL, '{"type": "complete_quiz", "count": 1}', 150, 0, '2025-11-15 18:49:47'),
	(2, 'streak_7', 'Racha de fuego', 'Mantén una racha de 7 días consecutivos.', NULL, '{"days": 7, "type": "streak"}', 100, 0, '2025-11-15 18:49:47'),
	(3, 'perfect_quiz', 'Perfeccionista', 'Obtén 100% en un quiz.', NULL, '{"type": "perfect_score", "score": 100}', 300, 0, '2025-11-15 18:49:47'),
	(4, 'fast_10', 'Velocista', 'Completa 10 quizzes en un día.', NULL, '{"type": "quizzes_in_day", "count": 10}', 1000, 0, '2025-11-15 18:49:47'),
	(5, 'level_50', 'Maestro', 'Alcanza el nivel 50.', NULL, '{"type": "reach_level", "level": 50}', 0, 0, '2025-11-15 18:49:47'),
	(6, 'complete_all', 'Ingeniero Experto', 'Completa las 4 categorias al 100%', NULL, '{"type": "complete_all_categories"}', 50000, 0, '2025-11-15 18:49:47');

-- Volcando estructura para tabla quizz-tech-backend.answers
CREATE TABLE IF NOT EXISTS `answers` (
  `id` int unsigned NOT NULL AUTO_INCREMENT,
  `question_id` int unsigned NOT NULL,
  `text` text NOT NULL,
  `explanation` text,
  `is_correct` tinyint(1) NOT NULL DEFAULT '0',
  `created_at` timestamp NULL DEFAULT CURRENT_TIMESTAMP,
  `updated_at` timestamp NULL DEFAULT CURRENT_TIMESTAMP ON UPDATE CURRENT_TIMESTAMP,
  PRIMARY KEY (`id`),
  KEY `idx_answers_question_id` (`question_id`),
  CONSTRAINT `fk_answers_question` FOREIGN KEY (`question_id`) REFERENCES `questions` (`id`) ON DELETE CASCADE
) ENGINE=InnoDB AUTO_INCREMENT=161 DEFAULT CHARSET=utf8mb4 COLLATE=utf8mb4_0900_ai_ci;

-- Volcando datos para la tabla quizz-tech-backend.answers: ~160 rows (aproximadamente)
INSERT INTO `answers` (`id`, `question_id`, `text`, `explanation`, `is_correct`, `created_at`, `updated_at`) VALUES
	(1, 1, 'Para aumentar el rendimiento', 'Los switches VLAN segmentan el tráfico, reduciendo colisiones.', 1, '2025-11-24 14:05:53', '2025-11-24 14:05:53'),
	(2, 1, 'Para mejorar la estética', 'No tiene relación con redes.', 0, '2025-11-24 14:05:53', '2025-11-24 14:05:53'),
	(3, 1, 'Para ahorrar energía', 'No es la función de una VLAN.', 0, '2025-11-24 14:05:53', '2025-11-24 14:05:53'),
	(4, 1, 'Porque se ve más profesional', 'Tampoco es un motivo técnico.', 0, '2025-11-24 14:05:53', '2025-11-24 14:05:53'),
	(5, 11, 'Aplicar reglas de rate-limiting y activar protección en el WAF/firewall', 'Limitar la tasa y activar reglas automáticas en WAF/firewall reduce el tráfico malicioso sin afectar usuarios legítimos.', 1, '2025-11-24 14:14:52', '2025-11-24 14:14:52'),
	(6, 11, 'Reiniciar el servidor web inmediatamente', 'Reiniciar no detiene el flujo malicioso y solo interrumpe servicio; no resuelve la causa.', 0, '2025-11-24 14:14:52', '2025-11-24 14:14:52'),
	(7, 11, 'Bloquear IPs manualmente una por una', 'En un DDoS las IPs son muchas y/o spoofed; el bloqueo manual es ineficiente.', 0, '2025-11-24 14:14:52', '2025-11-24 14:14:52'),
	(8, 11, 'Cambiar el dominio del sitio', 'Cambiar dominio no evita que el objetivo sea atacado por IPs; no es solución inmediata.', 0, '2025-11-24 14:14:52', '2025-11-24 14:14:52'),
	(9, 12, 'Buscar bucles de red y revisar Spanning Tree (STP)', 'Los bucles generan tormentas de broadcast; verificar cables y STP suele resolverlo.', 1, '2025-11-24 14:14:52', '2025-11-24 14:14:52'),
	(10, 12, 'Formatear las máquinas de la VLAN', 'Los endpoints no suelen causar broadcast storms; formatear es extremo e innecesario.', 0, '2025-11-24 14:14:52', '2025-11-24 14:14:52'),
	(11, 12, 'Cambiar el ISP', 'El ISP no interviene en broadcast locales dentro de la VLAN.', 0, '2025-11-24 14:14:52', '2025-11-24 14:14:52'),
	(12, 12, 'Aumentar el MTU en los switches', 'MTU no afecta tormentas de broadcast; no es la acción correcta.', 0, '2025-11-24 14:14:52', '2025-11-24 14:14:52'),
	(13, 13, 'Verificar permisos y pertenencia al grupo en el servidor de archivos', 'A menudo el problema es de permisos de usuario o su grupo; comprobar permisos es el primer paso.', 1, '2025-11-24 14:14:52', '2025-11-24 14:14:52'),
	(14, 13, 'Reiniciar todo el dominio', 'Reiniciar componentes del dominio sin diagnóstico perjudica a muchos usuarios; no es primera opción.', 0, '2025-11-24 14:14:52', '2025-11-24 14:14:52'),
	(15, 13, 'Reinstalar el sistema operativo del cliente', 'Extremo y poco probable que resuelva un problema de permisos de red.', 0, '2025-11-24 14:14:52', '2025-11-24 14:14:52'),
	(16, 13, 'Cambiar la IP pública del servidor', 'La IP pública no afecta recursos compartidos internos en la LAN.', 0, '2025-11-24 14:14:52', '2025-11-24 14:14:52'),
	(17, 14, 'Revisar y reemplazar el cable y probar en otro puerto/switch', 'Problemas físicos de cable o puerto son causa común; probar y reemplazar es la acción correcta.', 1, '2025-11-24 14:14:52', '2025-11-24 14:14:52'),
	(18, 14, 'Formatear el equipo del usuario', 'Innecesario si el problema es físico; no es la primera acción.', 0, '2025-11-24 14:14:52', '2025-11-24 14:14:52'),
	(19, 14, 'Actualizar el antivirus del equipo', 'El antivirus no suele causar desconexiones físicas en el cable.', 0, '2025-11-24 14:14:52', '2025-11-24 14:14:52'),
	(20, 14, 'Deshabilitar la tarjeta de red y dejarla deshabilitada', 'No resuelve la necesidad de conectividad; no es solución.', 0, '2025-11-24 14:14:52', '2025-11-24 14:14:52'),
	(21, 15, 'Crear bloqueos temporales y configurar alertas en IDS/IPS hacia esa IP', 'Bloquear y alertar reduce riesgo inmediato y permite analizar el origen; es buen primer paso.', 1, '2025-11-24 14:14:52', '2025-11-24 14:14:52'),
	(22, 15, 'Eliminar cuentas de usuario sin investigar', 'Eliminar usuarios sin investigar puede causar problemas operativos y perder información.', 0, '2025-11-24 14:14:52', '2025-11-24 14:14:52'),
	(23, 15, 'Desconectar todo el datacenter', 'Acción extrema que afecta operaciones; no es proporcional al problema.', 0, '2025-11-24 14:14:52', '2025-11-24 14:14:52'),
	(24, 15, 'Cambiar todas las contraseñas de la empresa', 'Acción masiva innecesaria inicialmente; investiga y aplica bloqueos y alertas primero.', 0, '2025-11-24 14:14:52', '2025-11-24 14:14:52'),
	(25, 16, 'Comprobar canales y posible fuente de interferencia (microondas, AP vecinos)', 'Interferencias por canal o dispositivos cercanos son causas frecuentes; ajustar canales o potencia ayuda.', 1, '2025-11-24 14:14:52', '2025-11-24 14:14:52'),
	(26, 16, 'Reinstalar el controlador de dominio', 'El controlador no regula la interferencia RF; no es lo primero a revisar.', 0, '2025-11-24 14:14:52', '2025-11-24 14:14:52'),
	(27, 16, 'Abrir todos los puertos en el firewall', 'Abrir puertos no mejora la señal WiFi; es irrelevante.', 0, '2025-11-24 14:14:52', '2025-11-24 14:14:52'),
	(28, 16, 'Sustituir todos los APs por otros más caros', 'Puede ser solución costosa y no necesaria sin diagnóstico previo.', 0, '2025-11-24 14:14:52', '2025-11-24 14:14:52'),
	(29, 17, 'Revisar y depurar la configuración de rutas (BGP/OSPF) y eliminar rutas erróneas', 'Problemas de configuración o procesos de enrutamiento pueden crear rutas duplicadas; depurar la configuración es clave.', 1, '2025-11-24 14:14:52', '2025-11-24 14:14:52'),
	(30, 17, 'Reiniciar el servidor web', 'Esto no tiene relación con las tablas de enrutamiento.', 0, '2025-11-24 14:14:52', '2025-11-24 14:14:52'),
	(31, 17, 'Aumentar MTU de todas las interfaces', 'MTU no resolverá rutas duplicadas; es una acción incorrecta.', 0, '2025-11-24 14:14:52', '2025-11-24 14:14:52'),
	(32, 17, 'Deshabilitar el enrutamiento dinámico por completo', 'Deshabilitar dinámico puede detener la redundancia necesaria; no es la primera medida.', 0, '2025-11-24 14:14:52', '2025-11-24 14:14:52'),
	(33, 18, 'Comprobar que no existan servidores DHCP duplicados y revisar reservas y scopes', 'Dos servidores DHCP o scopes solapados causan duplicados; verificar servidores y reservas es lo primero.', 1, '2025-11-24 14:14:52', '2025-11-24 14:14:52'),
	(34, 18, 'Apagar switches al azar', 'Apagar switches no resuelve conflictos DHCP y perjudica la red.', 0, '2025-11-24 14:14:52', '2025-11-24 14:14:52'),
	(35, 18, 'Cambiar el nombre del dominio', 'No tiene relación con DHCP ni con conflictos de IP.', 0, '2025-11-24 14:14:52', '2025-11-24 14:14:52'),
	(36, 18, 'Formatear los equipos afectados', 'Accion extrema y sin relación con la asignación de IP.', 0, '2025-11-24 14:14:52', '2025-11-24 14:14:52'),
	(37, 19, 'Aislar y desconectar el dispositivo, documentar MAC/IP y notificar al responsable', 'Aislar evita riesgos inmediatos; documentar y notificar permite investigación y remediación.', 1, '2025-11-24 14:14:52', '2025-11-24 14:14:52'),
	(38, 19, 'Cambiar todas las claves del WiFi inmediatamente', 'Puede ser necesario según investigación, pero primero aislar el dispositivo.', 0, '2025-11-24 14:14:52', '2025-11-24 14:14:52'),
	(39, 19, 'Encender más puntos de acceso para confundir', 'No tiene sentido desde seguridad; es contraproducente.', 0, '2025-11-24 14:14:52', '2025-11-24 14:14:52'),
	(40, 19, 'Ignorar y esperar a ver si desaparece', 'Ignorar expone la red a riesgo; no es una opción responsable.', 0, '2025-11-24 14:14:52', '2025-11-24 14:14:52'),
	(41, 20, 'Bloquear el puerto y revisar logs para identificar el origen del tráfico', 'Bloquear el puerto inutilizado y analizar los logs es la acción correcta para evitar explotación y comprender el intento.', 1, '2025-11-24 14:16:38', '2025-11-24 14:16:38'),
	(42, 20, 'Abrir el puerto para ver si deja de fallar', 'Abrir el puerto aumenta la superficie de ataque y es peligroso.', 0, '2025-11-24 14:16:38', '2025-11-24 14:16:38'),
	(43, 20, 'Migrar todos los servicios internos a una VLAN distinta', 'Mover servicios no resuelve el problema del tráfico sospechoso; es una acción innecesaria.', 0, '2025-11-24 14:16:38', '2025-11-24 14:16:38'),
	(44, 20, 'Apagar el servidor principal por precaución', 'Medida extrema que detiene operaciones sin necesidad; no mitiga el tráfico sospechoso.', 0, '2025-11-24 14:16:38', '2025-11-24 14:16:38'),
	(45, 21, 'Crear un índice sobre las columnas usadas en WHERE y JOIN', 'Los índices reducen drásticamente los tiempos de búsqueda en tablas grandes.', 1, '2025-11-24 14:18:24', '2025-11-24 14:18:24'),
	(46, 21, 'Eliminar registros antiguos de la tabla', 'Puede servir a largo plazo, pero no resuelve el problema de búsqueda inmediata.', 0, '2025-11-24 14:18:24', '2025-11-24 14:18:24'),
	(47, 21, 'Reiniciar el servidor de base de datos', 'No resuelve la falta de índices.', 0, '2025-11-24 14:18:24', '2025-11-24 14:18:24'),
	(48, 21, 'Aumentar la RAM del servidor', 'Mejora el rendimiento, pero no soluciona el cuello de botella por falta de índices.', 0, '2025-11-24 14:18:24', '2025-11-24 14:18:24'),
	(49, 22, 'Revisar y optimizar el orden de bloqueo en las transacciones', 'Los deadlocks se reducen cuando todas las transacciones siguen un orden consistente de bloqueo.', 1, '2025-11-24 14:18:31', '2025-11-24 14:18:31'),
	(50, 22, 'Desactivar el motor InnoDB temporalmente', 'InnoDB es necesario para transacciones, no debe desactivarse.', 0, '2025-11-24 14:18:31', '2025-11-24 14:18:31'),
	(51, 22, 'Aumentar el timeout global de la base de datos', 'Solo oculta el problema, no lo soluciona.', 0, '2025-11-24 14:18:31', '2025-11-24 14:18:31'),
	(52, 22, 'Borrar la tabla y recrearla', 'Extremadamente destructivo e innecesario.', 0, '2025-11-24 14:18:31', '2025-11-24 14:18:31'),
	(53, 23, 'Restaurar la tabla desde un backup consistente reciente', 'Cuando hay corrupción real, restaurar desde un backup es la acción más segura.', 1, '2025-11-24 14:18:42', '2025-11-24 14:18:42'),
	(54, 23, 'Ejecutar DELETE en todas las filas con error', 'Podrías perder información valiosa sin reparar el problema real.', 0, '2025-11-24 14:18:42', '2025-11-24 14:18:42'),
	(55, 23, 'Ignorar la advertencia y seguir operando', 'La corrupción puede escalar y comprometer toda la base.', 0, '2025-11-24 14:18:42', '2025-11-24 14:18:42'),
	(56, 23, 'Cambiar el motor de almacenamiento de inmediato', 'No soluciona corrupción ya existente.', 0, '2025-11-24 14:18:42', '2025-11-24 14:18:42'),
	(57, 24, 'Configurar expiración automática de binlogs con expire_logs_days o binlog_expire_logs_seconds', 'Controla el tamaño de los binlogs de forma segura.', 1, '2025-11-24 14:18:53', '2025-11-24 14:18:53'),
	(58, 24, 'Eliminar todos los binlogs manualmente sin revisar', 'Podrías romper la replicación si existe.', 0, '2025-11-24 14:18:53', '2025-11-24 14:18:53'),
	(59, 24, 'Reiniciar el servidor para liberar espacio', 'Reiniciar no reduce el tamaño de los binlogs.', 0, '2025-11-24 14:18:53', '2025-11-24 14:18:53'),
	(60, 24, 'Desactivar los binlogs para siempre', 'No es recomendable si usas replicación o recuperación punto en el tiempo.', 0, '2025-11-24 14:18:53', '2025-11-24 14:18:53'),
	(61, 25, 'Revocar inmediatamente los privilegios innecesarios', 'Seguridad básica: principio del menor privilegio.', 1, '2025-11-24 14:18:58', '2025-11-24 14:18:58'),
	(62, 25, 'Ignorarlo porque todo parece funcionar', 'Un riesgo de seguridad innecesario.', 0, '2025-11-24 14:18:58', '2025-11-24 14:18:58'),
	(63, 25, 'Eliminar al usuario del sistema operativo', 'No soluciona el riesgo en la base de datos.', 0, '2025-11-24 14:18:58', '2025-11-24 14:18:58'),
	(64, 25, 'Reiniciar el servidor para “limpiar” privilegios', 'No cambia permisos.', 0, '2025-11-24 14:18:58', '2025-11-24 14:18:58'),
	(65, 26, 'Verificar si el servidor replica tiene recursos saturados (CPU, disco, IO)', 'Un slave saturado procesa eventos más lento que el master.', 1, '2025-11-24 14:19:03', '2025-11-24 14:19:03'),
	(66, 26, 'Reiniciar el master', 'No suele solucionar el retraso.', 0, '2025-11-24 14:19:03', '2025-11-24 14:19:03'),
	(67, 26, 'Eliminar los binlogs antiguos del master', 'Podrías romper la replicación.', 0, '2025-11-24 14:19:03', '2025-11-24 14:19:03'),
	(68, 26, 'Desactivar la replicación temporalmente', 'No soluciona el retraso, solo lo acumula.', 0, '2025-11-24 14:19:03', '2025-11-24 14:19:03'),
	(69, 27, 'Identificar y finalizar la sesión que mantiene el bloqueo', 'Finalizar la sesión problemática libera los bloqueos.', 1, '2025-11-24 14:19:10', '2025-11-24 14:19:10'),
	(70, 27, 'Reiniciar todo el servidor', 'Exagerado y con impacto innecesario.', 0, '2025-11-24 14:19:10', '2025-11-24 14:19:10'),
	(71, 27, 'Eliminar todas las filas de la tabla bloqueada', 'Destructivo y absurdo.', 0, '2025-11-24 14:19:10', '2025-11-24 14:19:10'),
	(72, 27, 'Modificar el motor de almacenamiento de la tabla', 'No resuelve un bloqueo activo.', 0, '2025-11-24 14:19:10', '2025-11-24 14:19:10'),
	(73, 28, 'Seleccionar solo las columnas necesarias', 'Reduce tráfico, mejora performance y claridad.', 1, '2025-11-24 14:19:15', '2025-11-24 14:19:15'),
	(74, 28, 'Crear índices en todas las columnas', 'No resuelve el problema del SELECT *.', 0, '2025-11-24 14:19:15', '2025-11-24 14:19:15'),
	(75, 28, 'Duplicar la tabla para optimizar velocidad', 'No tiene sentido.', 0, '2025-11-24 14:19:15', '2025-11-24 14:19:15'),
	(76, 28, 'Cambiar el motor de almacenamiento a memoria', 'Medida extrema y sin relación.', 0, '2025-11-24 14:19:15', '2025-11-24 14:19:15'),
	(77, 29, 'Configurar una estrategia de backups automatizados y probados', 'Los backups deben existir, automatizarse y verificarse.', 1, '2025-11-24 14:19:21', '2025-11-24 14:19:21'),
	(78, 29, 'Eliminar registros antiguos para evitar llenar el disco', 'No sustituye a los backups.', 0, '2025-11-24 14:19:21', '2025-11-24 14:19:21'),
	(79, 29, 'Apagar la base hasta tener backup', 'No es práctico ni necesario.', 0, '2025-11-24 14:19:21', '2025-11-24 14:19:21'),
	(80, 29, 'Esperar a que haya tiempo para hacerlo', 'Deja al sistema vulnerable.', 0, '2025-11-24 14:19:21', '2025-11-24 14:19:21'),
	(81, 30, 'Desplegar un hotfix inmediato tras test rápido', 'Un hotfix controlado permite resolver el problema sin comprometer más usuarios.', 1, '2025-11-24 14:26:31', '2025-11-24 14:26:31'),
	(82, 30, 'Ignorar y esperar al siguiente release', 'El bug afecta a usuarios, ignorarlo empeora la situación.', 0, '2025-11-24 14:26:31', '2025-11-24 14:26:31'),
	(83, 30, 'Revertir toda la aplicación a cero', 'Extremo y disruptivo.', 0, '2025-11-24 14:26:31', '2025-11-24 14:26:31'),
	(84, 30, 'Aumentar el logging y no hacer nada más', 'Necesario, pero no resuelve el problema de inmediato.', 0, '2025-11-24 14:26:31', '2025-11-24 14:26:31'),
	(85, 31, 'Resolver manualmente los conflictos revisando cuidadosamente los cambios', 'Siempre verifica los cambios antes de mergear para no romper funcionalidad.', 1, '2025-11-24 14:26:37', '2025-11-24 14:26:37'),
	(86, 31, 'Forzar merge con --theirs', 'Podrías perder tu trabajo.', 0, '2025-11-24 14:26:37', '2025-11-24 14:26:37'),
	(87, 31, 'Eliminar la rama y crear otra', 'No resuelve el conflicto, solo elimina trabajo.', 0, '2025-11-24 14:26:37', '2025-11-24 14:26:37'),
	(88, 31, 'Ignorar el conflicto y seguir trabajando', 'No se puede ignorar, Git no permitirá commit.', 0, '2025-11-24 14:26:37', '2025-11-24 14:26:37'),
	(89, 32, 'Escribir pruebas unitarias antes de cambiar el código', 'Siempre cubrir código crítico con tests antes de modificarlo.', 1, '2025-11-24 14:26:43', '2025-11-24 14:26:43'),
	(90, 32, 'Refactorizar directamente sin pruebas', 'Arriesgado: puedes romper funcionalidad existente.', 0, '2025-11-24 14:26:43', '2025-11-24 14:26:43'),
	(91, 32, 'Pedir aprobación sin tests', 'No garantiza seguridad del código.', 0, '2025-11-24 14:26:43', '2025-11-24 14:26:43'),
	(92, 32, 'Ignorar las pruebas y documentar cambios', 'No asegura estabilidad del código.', 0, '2025-11-24 14:26:43', '2025-11-24 14:26:43'),
	(93, 33, 'Revisar los errores reportados por CI y corregirlos', 'CI/CD reporta problemas que deben solucionarse antes del merge.', 1, '2025-11-24 14:26:48', '2025-11-24 14:26:48'),
	(94, 33, 'Ignorar los errores y mergear de todos modos', 'Rompería la rama principal.', 0, '2025-11-24 14:26:48', '2025-11-24 14:26:48'),
	(95, 33, 'Desactivar temporalmente CI', 'No recomendado, se pierde control de calidad.', 0, '2025-11-24 14:26:48', '2025-11-24 14:26:48'),
	(96, 33, 'Pedir a otro desarrollador que mergee', 'No resuelve el problema.', 0, '2025-11-24 14:26:48', '2025-11-24 14:26:48'),
	(97, 34, 'Optimizar el uso de memoria y revisar algoritmos', 'Reducir consumo y mejorar eficiencia es la solución correcta.', 1, '2025-11-24 14:26:52', '2025-11-24 14:26:52'),
	(98, 34, 'Reiniciar el servidor', 'No resuelve el problema del script en sí.', 0, '2025-11-24 14:26:52', '2025-11-24 14:26:52'),
	(99, 34, 'Dividir el script en partes más pequeñas sin revisar lógica', 'Puede ayudar, pero primero optimiza.', 0, '2025-11-24 14:26:52', '2025-11-24 14:26:52'),
	(100, 34, 'Ignorar el error y continuar', 'No es viable.', 0, '2025-11-24 14:26:52', '2025-11-24 14:26:52'),
	(101, 35, 'Revisar versiones compatibles y actualizar de forma controlada', 'Actualizar de manera controlada evita romper la aplicación.', 1, '2025-11-24 14:26:59', '2025-11-24 14:26:59'),
	(102, 35, 'Eliminar todas las librerías y reinstalar', 'Riesgoso y puede generar más problemas.', 0, '2025-11-24 14:26:59', '2025-11-24 14:26:59'),
	(103, 35, 'Ignorar y seguir usando versiones antiguas', 'No resuelve conflictos futuros.', 0, '2025-11-24 14:26:59', '2025-11-24 14:26:59'),
	(104, 35, 'Actualizar solo en producción sin tests', 'Muy arriesgado.', 0, '2025-11-24 14:26:59', '2025-11-24 14:26:59'),
	(105, 36, 'Perfilar y optimizar el código o la consulta', 'Medir antes de cambiar asegura que optimizas correctamente.', 1, '2025-11-24 14:27:04', '2025-11-24 14:27:04'),
	(106, 36, 'Eliminar la función', 'Destructivo y rompe la app.', 0, '2025-11-24 14:27:04', '2025-11-24 14:27:04'),
	(107, 36, 'Aumentar el hardware sin revisar el código', 'Solo parche temporal, no soluciona la raíz.', 0, '2025-11-24 14:27:04', '2025-11-24 14:27:04'),
	(108, 36, 'Ignorar que es lenta', 'Afecta a los usuarios y reputación.', 0, '2025-11-24 14:27:04', '2025-11-24 14:27:04'),
	(109, 37, 'Implementar validación y sanitización de todos los inputs', 'Previene errores y ataques (inyección, XSS, etc.)', 1, '2025-11-24 14:27:08', '2025-11-24 14:27:08'),
	(110, 37, 'Depender solo de la base de datos para validar', 'No es suficiente.', 0, '2025-11-24 14:27:08', '2025-11-24 14:27:08'),
	(111, 37, 'Ignorar y confiar en el cliente', 'Muy inseguro.', 0, '2025-11-24 14:27:08', '2025-11-24 14:27:08'),
	(112, 37, 'Registrar los inputs maliciosos pero no bloquearlos', 'Solo detecta, no previene.', 0, '2025-11-24 14:27:08', '2025-11-24 14:27:08'),
	(113, 38, 'Realizar un backup antes del deploy', 'Siempre respaldar antes de cambios críticos en producción.', 1, '2025-11-24 14:27:12', '2025-11-24 14:27:12'),
	(114, 38, 'Desplegar igual, confiando en rollback manual', 'Riesgoso y no recomendable.', 0, '2025-11-24 14:27:12', '2025-11-24 14:27:12'),
	(115, 38, 'Pedir a QA que valide producción', 'QA no reemplaza backups.', 0, '2025-11-24 14:27:12', '2025-11-24 14:27:12'),
	(116, 38, 'Desactivar temporalmente la app para evitar problemas', 'No resuelve la falta de backup.', 0, '2025-11-24 14:27:12', '2025-11-24 14:27:12'),
	(117, 39, 'No mergear y exigir revisión por pares', 'Las revisiones garantizan calidad y previenen errores.', 1, '2025-11-24 14:27:19', '2025-11-24 14:27:19'),
	(118, 39, 'Mergear porque confías en el desarrollador', 'Riesgoso y poco profesional.', 0, '2025-11-24 14:27:19', '2025-11-24 14:27:19'),
	(119, 39, 'Mergear solo en una rama de pruebas', 'No sustituye revisión formal.', 0, '2025-11-24 14:27:19', '2025-11-24 14:27:19'),
	(120, 39, 'Ignorar y seguir con otras tareas', 'No resuelve el riesgo de calidad.', 0, '2025-11-24 14:27:19', '2025-11-24 14:27:19'),
	(121, 40, 'Observer', 'Permite notificar múltiples componentes sobre eventos sin acoplarlos.', 1, '2025-11-24 14:37:49', '2025-11-24 14:37:49'),
	(122, 40, 'Singleton', 'No permite comunicación distribuida, solo instancia única.', 0, '2025-11-24 14:37:49', '2025-11-24 14:37:49'),
	(123, 40, 'Factory', 'Crea objetos, no gestiona eventos.', 0, '2025-11-24 14:37:49', '2025-11-24 14:37:49'),
	(124, 40, 'Strategy', 'Define comportamientos intercambiables, no es específico para eventos.', 0, '2025-11-24 14:37:49', '2025-11-24 14:37:49'),
	(125, 41, 'Implementar load balancer y escalado horizontal', 'Distribuye carga entre múltiples instancias.', 1, '2025-11-24 14:37:49', '2025-11-24 14:37:49'),
	(126, 41, 'Aumentar CPU del servidor único', 'Escalado vertical tiene límites y es menos flexible.', 0, '2025-11-24 14:37:49', '2025-11-24 14:37:49'),
	(127, 41, 'Reducir funcionalidad', 'No resuelve la escalabilidad real.', 0, '2025-11-24 14:37:49', '2025-11-24 14:37:49'),
	(128, 41, 'Ignorar picos y esperar fallos', 'No es profesional ni seguro.', 0, '2025-11-24 14:37:49', '2025-11-24 14:37:49'),
	(129, 42, 'Necesidad de escalar partes específicas de manera independiente', 'Microservicios permiten escalar selectivamente.', 1, '2025-11-24 14:37:49', '2025-11-24 14:37:49'),
	(130, 42, 'Uso de un solo lenguaje de programación', 'No determina arquitectura.', 0, '2025-11-24 14:37:49', '2025-11-24 14:37:49'),
	(131, 42, 'Cantidad de desarrolladores', 'No define microservicios por sí sola.', 0, '2025-11-24 14:37:49', '2025-11-24 14:37:49'),
	(132, 42, 'Documentación extensa', 'No influye directamente en la elección.', 0, '2025-11-24 14:37:49', '2025-11-24 14:37:49'),
	(133, 43, 'Replicación con quorum y sharding', 'Permite distribuir datos y tolerar fallos de nodos.', 1, '2025-11-24 14:37:49', '2025-11-24 14:37:49'),
	(134, 43, 'Base de datos local única', 'No ofrece tolerancia a fallos.', 0, '2025-11-24 14:37:49', '2025-11-24 14:37:49'),
	(135, 43, 'Backup diario manual', 'Ayuda, pero no suficiente para alta disponibilidad.', 0, '2025-11-24 14:37:49', '2025-11-24 14:37:49'),
	(136, 43, 'Cluster sin replicación', 'No garantiza consistencia ni disponibilidad.', 0, '2025-11-24 14:37:49', '2025-11-24 14:37:49'),
	(137, 44, 'Usar almacenamiento de sesiones centralizado (Redis/Memcached)', 'Permite que todos los servidores accedan a la misma sesión.', 1, '2025-11-24 14:37:49', '2025-11-24 14:37:49'),
	(138, 44, 'Guardar sesión en memoria de cada servidor', 'No funciona si el tráfico se balancea entre servidores.', 0, '2025-11-24 14:37:49', '2025-11-24 14:37:49'),
	(139, 44, 'Ignorar sesiones', 'Usuarios perderían datos al cambiar de servidor.', 0, '2025-11-24 14:37:49', '2025-11-24 14:37:49'),
	(140, 44, 'Guardar solo cookies sin backend', 'No garantiza persistencia ni seguridad.', 0, '2025-11-24 14:37:49', '2025-11-24 14:37:49'),
	(141, 45, 'Encriptación de datos en tránsito y reposo, autenticación y autorización', 'Cubre seguridad completa según buenas prácticas.', 1, '2025-11-24 14:37:49', '2025-11-24 14:37:49'),
	(142, 45, 'Sólo HTTPS', 'Protege la conexión pero no los datos almacenados.', 0, '2025-11-24 14:37:49', '2025-11-24 14:37:49'),
	(143, 45, 'No almacenar datos sensibles', 'No siempre es posible y limita funcionalidad.', 0, '2025-11-24 14:37:49', '2025-11-24 14:37:49'),
	(144, 45, 'Validar inputs', 'Necesario, pero no suficiente para seguridad completa.', 0, '2025-11-24 14:37:49', '2025-11-24 14:37:49'),
	(145, 46, 'Implementar logs centralizados y alertas automáticas', 'Permite reaccionar rápidamente ante fallos.', 1, '2025-11-24 14:37:49', '2025-11-24 14:37:49'),
	(146, 46, 'Revisar logs manualmente una vez al mes', 'Tarde para actuar sobre problemas críticos.', 0, '2025-11-24 14:37:49', '2025-11-24 14:37:49'),
	(147, 46, 'No registrar nada', 'Imposible detectar fallos.', 0, '2025-11-24 14:37:49', '2025-11-24 14:37:49'),
	(148, 46, 'Enviar reportes a correo de forma manual', 'No es eficiente ni seguro.', 0, '2025-11-24 14:37:49', '2025-11-24 14:37:49'),
	(149, 47, 'Implementar caching en memoria (Redis/Memcached)', 'Reduce consultas repetitivas a la base de datos.', 1, '2025-11-24 14:37:49', '2025-11-24 14:37:49'),
	(150, 47, 'Consultar base de datos siempre', 'No optimiza el rendimiento.', 0, '2025-11-24 14:37:49', '2025-11-24 14:37:49'),
	(151, 47, 'Duplicar la base de datos localmente sin control', 'Riesgo de inconsistencia.', 0, '2025-11-24 14:37:49', '2025-11-24 14:37:49'),
	(152, 47, 'Incrementar CPU sin caching', 'Puede mejorar, pero no es eficiente.', 0, '2025-11-24 14:37:49', '2025-11-24 14:37:49'),
	(153, 48, 'Blue-green deployment o canary release', 'Permite actualizar parcialmente y revertir si hay problemas.', 1, '2025-11-24 14:37:49', '2025-11-24 14:37:49'),
	(154, 48, 'Actualizar directamente en producción', 'Muy arriesgado.', 0, '2025-11-24 14:37:49', '2025-11-24 14:37:49'),
	(155, 48, 'Esperar a mantenimiento mensual', 'Puede retrasar mejoras críticas.', 0, '2025-11-24 14:37:49', '2025-11-24 14:37:49'),
	(156, 48, 'Actualizar en servidor local sin pruebas', 'No garantiza estabilidad.', 0, '2025-11-24 14:37:49', '2025-11-24 14:37:49'),
	(157, 49, 'Microservicios con balanceo de carga y base de datos replicada', 'Permite alta disponibilidad y escalabilidad selectiva.', 1, '2025-11-24 14:37:49', '2025-11-24 14:37:49'),
	(158, 49, 'Monolito con una sola base de datos', 'Difícil de escalar y menos tolerante a fallos.', 0, '2025-11-24 14:37:49', '2025-11-24 14:37:49'),
	(159, 49, 'Servidor único potente', 'No es escalable ni tolerante a fallos.', 0, '2025-11-24 14:37:49', '2025-11-24 14:37:49'),
	(160, 49, 'No escalar nada', 'No soportará demanda alta.', 0, '2025-11-24 14:37:49', '2025-11-24 14:37:49');

-- Volcando estructura para tabla quizz-tech-backend.categories
CREATE TABLE IF NOT EXISTS `categories` (
  `id` int unsigned NOT NULL AUTO_INCREMENT,
  `name` varchar(100) NOT NULL,
  `description` text,
  `created_at` timestamp NULL DEFAULT CURRENT_TIMESTAMP,
  `updated_at` timestamp NULL DEFAULT CURRENT_TIMESTAMP ON UPDATE CURRENT_TIMESTAMP,
  PRIMARY KEY (`id`),
  UNIQUE KEY `name` (`name`)
) ENGINE=InnoDB AUTO_INCREMENT=1000 DEFAULT CHARSET=utf8mb4 COLLATE=utf8mb4_0900_ai_ci;

-- Volcando datos para la tabla quizz-tech-backend.categories: ~4 rows (aproximadamente)
INSERT INTO `categories` (`id`, `name`, `description`, `created_at`, `updated_at`) VALUES
	(1, 'Bases de Datos', 'Conceptos de SQL, NoSQL, modelado y optimización.', '2025-11-12 23:44:33', '2025-11-12 23:44:33'),
	(2, 'Programación', 'Temas básicos de algoritmos, estructuras de datos y programación orientada a objetos.', '2025-11-12 23:44:33', '2025-11-24 14:23:33'),
	(3, 'Redes', 'Protocolos, seguridad y arquitectura de redes.', '2025-11-12 23:44:33', '2025-11-24 14:23:22'),
	(4, 'Arquitectura', 'Diseño de software, patrones y estructuras de sistemas.', '2025-11-12 23:44:33', '2025-11-12 23:44:33');

-- Volcando estructura para tabla quizz-tech-backend.levels
CREATE TABLE IF NOT EXISTS `levels` (
  `level` int NOT NULL,
  `xp_to_reach` int NOT NULL,
  `created_at` timestamp NOT NULL DEFAULT CURRENT_TIMESTAMP,
  PRIMARY KEY (`level`)
) ENGINE=InnoDB DEFAULT CHARSET=utf8mb4 COLLATE=utf8mb4_0900_ai_ci;

-- Volcando datos para la tabla quizz-tech-backend.levels: ~50 rows (aproximadamente)
INSERT INTO `levels` (`level`, `xp_to_reach`, `created_at`) VALUES
	(1, 1000, '2025-11-14 00:09:30'),
	(2, 1500, '2025-11-14 00:09:30'),
	(3, 2000, '2025-11-14 00:09:30'),
	(4, 3000, '2025-11-14 00:09:30'),
	(5, 3500, '2025-11-16 19:28:36'),
	(6, 4000, '2025-11-16 19:28:36'),
	(7, 4500, '2025-11-16 19:28:36'),
	(8, 5000, '2025-11-16 19:28:36'),
	(9, 5600, '2025-11-16 19:28:36'),
	(10, 6200, '2025-11-16 19:28:36'),
	(11, 6800, '2025-11-16 19:28:36'),
	(12, 7400, '2025-11-16 19:28:36'),
	(13, 8000, '2025-11-16 19:28:36'),
	(14, 8700, '2025-11-16 19:28:36'),
	(15, 9400, '2025-11-16 19:28:36'),
	(16, 10100, '2025-11-16 19:28:36'),
	(17, 10800, '2025-11-16 19:28:36'),
	(18, 11500, '2025-11-16 19:28:36'),
	(19, 12300, '2025-11-16 19:28:36'),
	(20, 13100, '2025-11-16 19:28:36'),
	(21, 14000, '2025-11-16 19:28:36'),
	(22, 14900, '2025-11-16 19:28:36'),
	(23, 15800, '2025-11-16 19:28:36'),
	(24, 16800, '2025-11-16 19:28:36'),
	(25, 17800, '2025-11-16 19:28:36'),
	(26, 18800, '2025-11-16 19:28:36'),
	(27, 19900, '2025-11-16 19:28:36'),
	(28, 21000, '2025-11-16 19:28:36'),
	(29, 22200, '2025-11-16 19:28:36'),
	(30, 23400, '2025-11-16 19:28:36'),
	(31, 24700, '2025-11-16 19:28:36'),
	(32, 26000, '2025-11-16 19:28:36'),
	(33, 27400, '2025-11-16 19:28:36'),
	(34, 28800, '2025-11-16 19:28:36'),
	(35, 30300, '2025-11-16 19:28:36'),
	(36, 31800, '2025-11-16 19:28:36'),
	(37, 33400, '2025-11-16 19:28:36'),
	(38, 35000, '2025-11-16 19:28:36'),
	(39, 36700, '2025-11-16 19:28:36'),
	(40, 38400, '2025-11-16 19:28:36'),
	(41, 40200, '2025-11-16 19:28:36'),
	(42, 42000, '2025-11-16 19:28:36'),
	(43, 43900, '2025-11-16 19:28:36'),
	(44, 45800, '2025-11-16 19:28:36'),
	(45, 47800, '2025-11-16 19:28:36'),
	(46, 49800, '2025-11-16 19:28:36'),
	(47, 51900, '2025-11-16 19:28:36'),
	(48, 54000, '2025-11-16 19:28:36'),
	(49, 56200, '2025-11-16 19:28:36'),
	(50, 58500, '2025-11-16 19:28:36');

-- Volcando estructura para tabla quizz-tech-backend.profile_achievements
CREATE TABLE IF NOT EXISTS `profile_achievements` (
  `id` int unsigned NOT NULL AUTO_INCREMENT,
  `profile_id` int unsigned NOT NULL,
  `achievement_id` int unsigned NOT NULL,
  `unlocked_at` timestamp NOT NULL DEFAULT CURRENT_TIMESTAMP,
  `extra` json DEFAULT NULL,
  PRIMARY KEY (`id`),
  UNIQUE KEY `ux_profile_achievement` (`profile_id`,`achievement_id`),
  KEY `ix_profile_id` (`profile_id`),
  KEY `ix_achievement_id` (`achievement_id`),
  CONSTRAINT `fk_profile_achievements_achievement` FOREIGN KEY (`achievement_id`) REFERENCES `achievements` (`id`) ON DELETE CASCADE ON UPDATE CASCADE,
  CONSTRAINT `fk_profile_achievements_profile` FOREIGN KEY (`profile_id`) REFERENCES `profile_data` (`id`) ON DELETE CASCADE ON UPDATE CASCADE
) ENGINE=InnoDB AUTO_INCREMENT=23 DEFAULT CHARSET=utf8mb4 COLLATE=utf8mb4_0900_ai_ci;

-- Volcando datos para la tabla quizz-tech-backend.profile_achievements: ~13 rows (aproximadamente)
INSERT INTO `profile_achievements` (`id`, `profile_id`, `achievement_id`, `unlocked_at`, `extra`) VALUES
	(4, 8, 1, '2025-11-15 23:12:00', '{}'),
	(8, 8, 2, '2025-11-15 23:57:14', '{"target": 7, "progress": 7}'),
	(10, 8, 3, '2025-11-16 21:52:39', '{}'),
	(11, 8, 4, '2025-11-16 21:55:01', '{"target": 10, "progress": 10}'),
	(12, 8, 6, '2025-11-16 21:57:09', '{"target": 4, "progress": 4}'),
	(13, 9, 1, '2025-11-16 23:57:44', '{}'),
	(14, 9, 3, '2025-11-16 23:57:44', '{}'),
	(15, 10, 1, '2025-11-17 00:08:09', '{}'),
	(16, 10, 4, '2025-11-17 00:19:40', '{"target": 10, "progress": 10}'),
	(17, 11, 1, '2025-11-17 00:44:25', '{}'),
	(18, 11, 3, '2025-11-18 00:47:24', '{}'),
	(19, 12, 1, '2025-11-19 03:59:29', '{}'),
	(20, 12, 3, '2025-11-19 03:59:29', '{}'),
	(21, 13, 1, '2025-11-24 19:49:48', '{}'),
	(22, 15, 1, '2025-11-24 20:37:53', '{}');

-- Volcando estructura para tabla quizz-tech-backend.profile_data
CREATE TABLE IF NOT EXISTS `profile_data` (
  `id` int unsigned NOT NULL AUTO_INCREMENT,
  `name` varchar(100) NOT NULL,
  `email` varchar(255) NOT NULL,
  `password` varchar(255) NOT NULL,
  `last_active` date DEFAULT NULL,
  `streak` int NOT NULL DEFAULT '0',
  `failed_attempts` int NOT NULL DEFAULT '0',
  `locked_until` datetime DEFAULT NULL,
  `level` int NOT NULL DEFAULT '1',
  `current_xp` int NOT NULL DEFAULT '0',
  `xp_to_next_level` int NOT NULL DEFAULT '1000',
  `quizzes_completed` int NOT NULL DEFAULT '0',
  `average_score` double NOT NULL DEFAULT '0',
  `created_at` timestamp NOT NULL DEFAULT (now()),
  PRIMARY KEY (`id`),
  UNIQUE KEY `ux_profile_email` (`email`)
) ENGINE=InnoDB AUTO_INCREMENT=18 DEFAULT CHARSET=utf8mb4 COLLATE=utf8mb4_0900_ai_ci;

-- Volcando datos para la tabla quizz-tech-backend.profile_data: ~9 rows (aproximadamente)
INSERT INTO `profile_data` (`id`, `name`, `email`, `password`, `last_active`, `streak`, `failed_attempts`, `locked_until`, `level`, `current_xp`, `xp_to_next_level`, `quizzes_completed`, `average_score`, `created_at`) VALUES
	(8, 'jekson', 'jektres08@gmail.com', 'fb1801c9e7d17ce96ed6e2f3e17f62e8:1535293c2ce65a11de6433a7074f8c6bedd03cdf7453c604c0a1046712770ecf81fd11b940b6252391e7ef6c66f9ee26112f5983eea8157bae9a1771545fcc36', '2025-12-08', 1, 0, NULL, 17, 7330, 10800, 65, 64.73846153846154, '2025-11-09 18:03:26'),
	(9, 'jesus', 'jesus@gmail.com', 'd7edba0cfe50ac8f53f4f9a3152d4fab:d7ff1d6d64257193b1c6c6ebd435bf3012353cf39e075380e852f66c8a66f1e4251ddff3c6c1196aa8c448efa735b6d90f56fb11a5cb6fef73a800d7a4f209bc', '2025-11-18', 3, 0, NULL, 6, 3500, 4000, 11, 90.9090909090909, '2025-11-16 19:57:31'),
	(10, 'eli', 'eli@gmail.com', '95c180285661d29f85954ecd9d338fd8:c6c18941b0db0a8a2e4db65d59ab03e7148ed3c45913f488a9b34a3164879f47772d70231b6000ceeefd823fa6519e234f62bc2ebe50494e4f35db68afda459b', '2025-11-18', 1, 0, NULL, 3, 1000, 2000, 15, 23.333333333333332, '2025-11-16 20:07:55'),
	(11, 'ale', 'ale@gmail.com', 'e2aaa588e56368462860b1369b04d31a:70fce1e37c368e276cd03783afbc4c9716b69feb10391d2666f3389e939ddb27cee1155637d8381b39bab02c9a52a07e34abc6b10722f26e21689b668fba9194', '2025-11-18', 3, 0, NULL, 5, 1330, 3500, 8, 79.125, '2025-11-16 20:44:10'),
	(12, 'Alejo', 'alejo@gmail.com', '76b4476e126fd2a4bc353dec0200e475:eb501cbaab2d54c67374fd652cca5d2094f63aa3ec988afa6a28f5463942de815c20c493e4ddf0c722cbbb36168e395903650f9de4381835b2df540791483624', '2025-11-24', 1, 0, NULL, 4, 2000, 3000, 5, 90, '2025-11-18 23:57:25'),
	(13, 'Amnalys Acosta ', 'acostaamnalys@gmail.com', 'c0710edb7a450875369dbe4dcb766286:aa4d5a55609ec540e342a00c1f5dee1fcb590e8e775fb6909e139a38caf920a5b3492feb5b82f1b8df236d2d541a5e31566d7e96fbc5fd8ab49fafd1a030c37b', '2025-11-24', 1, 0, NULL, 1, 200, 1000, 2, 10, '2025-11-24 15:46:14'),
	(15, 'Angel Nava', 'nava.angel.1981@gmail.com', 'f4472ec0d820a624a1674fd98b0a8aad:932646c35e2f90e1ac32c06c61887cd60f48ba486cb5308b2d18d80e59803b73692e219bcdfb5a277cc19d858324813f9f3cd2ad1b3e97c09cc2171e1c3f6d76', '2025-11-24', 1, 0, NULL, 1, 700, 1000, 1, 70, '2025-11-24 16:33:45'),
	(16, 'Angel Lugo ', 'angeleduardolugo94@gmail.com', '0200d973780fffa251a3d4906d7722f7:555ba6e001095f6823617c499c63fbf9cf87d96cb574de59ea79dcf526e90951638ddab23860f6648e892275d218c8291324798d37b4b39216145e3e5aad8094', NULL, 0, 0, NULL, 1, 0, 1000, 0, 0, '2025-11-24 16:43:05'),
	(17, 'Ana', 'ana@gmail.com', '49b5633ad09b0a6b7312fad26594711a:8933e6f74b951800ce2c23599b90489a8a4d3c639422c909db207fa01f6a3161dd9af525520de9cb9549abfde55e69fbf00148cb99c58b1d0a34a98e7b2f666d', NULL, 0, 0, NULL, 1, 0, 1000, 0, 0, '2025-12-03 20:32:20');

-- Volcando estructura para tabla quizz-tech-backend.profile_xp_events
CREATE TABLE IF NOT EXISTS `profile_xp_events` (
  `id` bigint unsigned NOT NULL AUTO_INCREMENT,
  `profile_id` int unsigned NOT NULL,
  `user_quiz_id` int unsigned DEFAULT NULL,
  `amount` int NOT NULL,
  `source` varchar(191) DEFAULT 'quiz',
  `meta` json DEFAULT NULL,
  `created_at` timestamp NOT NULL DEFAULT CURRENT_TIMESTAMP,
  PRIMARY KEY (`id`),
  KEY `idx_profile_xp_events_profile_id` (`profile_id`),
  KEY `idx_profile_xp_events_user_quiz_id` (`user_quiz_id`),
  CONSTRAINT `fk_profile_xp_events_profile` FOREIGN KEY (`profile_id`) REFERENCES `profile_data` (`id`) ON DELETE CASCADE,
  CONSTRAINT `fk_profile_xp_events_user_quiz` FOREIGN KEY (`user_quiz_id`) REFERENCES `user_quizzes` (`id`) ON DELETE SET NULL
) ENGINE=InnoDB AUTO_INCREMENT=150 DEFAULT CHARSET=utf8mb4 COLLATE=utf8mb4_0900_ai_ci;

-- Volcando datos para la tabla quizz-tech-backend.profile_xp_events: ~133 rows (aproximadamente)
INSERT INTO `profile_xp_events` (`id`, `profile_id`, `user_quiz_id`, `amount`, `source`, `meta`, `created_at`) VALUES
	(2, 8, NULL, 850, 'quiz', '{"score": 85, "category": "math"}', '2025-11-14 00:23:34'),
	(3, 8, NULL, 1500, 'quiz', '{"score": 100, "baseXp": 1000, "category": "math", "xpEarned": 1500, "multiplier": 1.5}', '2025-11-14 00:37:22'),
	(4, 8, NULL, 600, 'quiz', '{"score": 60, "baseXp": 600, "category": "math", "xpEarned": 600, "multiplier": 1}', '2025-11-14 00:37:29'),
	(5, 8, NULL, 1500, 'quiz', '{"score": 100, "baseXp": 1000, "category": "1", "xpEarned": 1500, "multiplier": 1.5}', '2025-11-14 00:38:46'),
	(6, 8, NULL, 1500, 'quiz', '{"score": 100, "baseXp": 1000, "category": "1", "xpEarned": 1500, "multiplier": 1.5}', '2025-11-14 00:38:46'),
	(7, 8, NULL, 1500, 'quiz', '{"score": 100, "baseXp": 1000, "category": "1", "xpEarned": 1500, "multiplier": 1.5}', '2025-11-14 00:39:14'),
	(8, 8, NULL, 1500, 'quiz', '{"score": 100, "baseXp": 1000, "category": "1", "xpEarned": 1500, "multiplier": 1.5}', '2025-11-14 00:39:14'),
	(9, 8, NULL, 500, 'quiz', '{"score": 50, "baseXp": 500, "category": "1", "xpEarned": 500, "multiplier": 1}', '2025-11-14 00:40:20'),
	(10, 8, NULL, 500, 'quiz', '{"score": 50, "baseXp": 500, "category": "1", "xpEarned": 500, "multiplier": 1}', '2025-11-14 00:40:20'),
	(12, 8, NULL, 1125, 'quiz', '{"score": 90, "baseXp": 900, "category": "science", "xpEarned": 1125, "multiplier": 1.25}', '2025-11-14 00:55:44'),
	(14, 8, NULL, 500, 'quiz', '{"score": 50, "baseXp": 500, "category": "1", "xpEarned": 500, "multiplier": 1}', '2025-11-14 01:23:41'),
	(15, 8, NULL, 500, 'quiz', '{"score": 50, "baseXp": 500, "category": "1", "xpEarned": 500, "multiplier": 1}', '2025-11-14 01:23:41'),
	(16, 8, NULL, 1500, 'quiz', '{"score": 100, "baseXp": 1000, "category": "1", "xpEarned": 1500, "multiplier": 1.5}', '2025-11-14 01:24:02'),
	(17, 8, NULL, 1500, 'quiz', '{"score": 100, "baseXp": 1000, "category": "1", "xpEarned": 1500, "multiplier": 1.5}', '2025-11-14 01:24:02'),
	(18, 8, NULL, 0, 'quiz', '{"score": 0, "baseXp": 0, "category": "1", "xpEarned": 0, "multiplier": 1}', '2025-11-14 01:24:19'),
	(19, 8, NULL, 0, 'quiz', '{"score": 0, "baseXp": 0, "category": "1", "xpEarned": 0, "multiplier": 1}', '2025-11-14 01:24:19'),
	(20, 8, NULL, 500, 'quiz', '{"score": 50, "baseXp": 500, "category": "1", "xpEarned": 500, "multiplier": 1}', '2025-11-14 01:24:58'),
	(21, 8, NULL, 500, 'quiz', '{"score": 50, "baseXp": 500, "category": "1", "xpEarned": 500, "multiplier": 1}', '2025-11-14 01:24:58'),
	(22, 8, NULL, 500, 'quiz', '{"score": 50, "baseXp": 500, "category": "1", "xpEarned": 500, "multiplier": 1}', '2025-11-14 01:26:31'),
	(23, 8, NULL, 500, 'quiz', '{"score": 50, "baseXp": 500, "category": "1", "xpEarned": 500, "multiplier": 1}', '2025-11-14 01:26:31'),
	(24, 8, NULL, 1500, 'quiz', '{"score": 100, "baseXp": 1000, "category": "1", "xpEarned": 1500, "multiplier": 1.5}', '2025-11-14 01:33:45'),
	(25, 8, NULL, 1500, 'quiz', '{"score": 100, "baseXp": 1000, "category": "1", "xpEarned": 1500, "multiplier": 1.5}', '2025-11-14 01:33:45'),
	(26, 8, NULL, 500, 'quiz', '{"score": 50, "baseXp": 500, "category": "1", "xpEarned": 500, "multiplier": 1}', '2025-11-14 01:34:39'),
	(27, 8, NULL, 500, 'quiz', '{"score": 50, "baseXp": 500, "category": "1", "xpEarned": 500, "multiplier": 1}', '2025-11-14 01:34:39'),
	(28, 8, NULL, 0, 'quiz', '{"score": 0, "baseXp": 0, "category": "1", "xpEarned": 0, "multiplier": 1}', '2025-11-14 01:35:13'),
	(29, 8, NULL, 0, 'quiz', '{"score": 0, "baseXp": 0, "category": "1", "xpEarned": 0, "multiplier": 1}', '2025-11-14 01:35:13'),
	(30, 8, NULL, 1500, 'quiz', '{"score": 100, "baseXp": 1000, "category": "1", "xpEarned": 1500, "multiplier": 1.5}', '2025-11-15 19:12:00'),
	(31, 8, NULL, 1500, 'quiz', '{"score": 100, "baseXp": 1000, "category": "1", "xpEarned": 1500, "multiplier": 1.5}', '2025-11-15 19:12:00'),
	(32, 8, NULL, 1500, 'quiz', '{"score": 100, "baseXp": 1000, "category": "1", "xpEarned": 1500, "multiplier": 1.5}', '2025-11-15 19:13:13'),
	(33, 8, NULL, 1500, 'quiz', '{"score": 100, "baseXp": 1000, "category": "1", "xpEarned": 1500, "multiplier": 1.5}', '2025-11-15 19:13:13'),
	(34, 8, NULL, 1500, 'quiz', '{"score": 100, "baseXp": 1000, "category": "1", "xpEarned": 1500, "multiplier": 1.5}', '2025-11-15 19:36:49'),
	(35, 8, NULL, 1500, 'quiz', '{"score": 100, "baseXp": 1000, "category": "1", "xpEarned": 1500, "multiplier": 1.5}', '2025-11-15 19:36:49'),
	(36, 8, NULL, 1125, 'quiz', '{"score": 90, "baseXp": 900, "category": "math", "xpEarned": 1125, "multiplier": 1.25}', '2025-11-15 19:39:59'),
	(37, 8, NULL, 1125, 'quiz', '{"score": 90, "baseXp": 900, "category": "math", "xpEarned": 1125, "multiplier": 1.25}', '2025-11-15 19:41:03'),
	(38, 8, NULL, 1125, 'quiz', '{"score": 90, "baseXp": 900, "category": "1", "xpEarned": 1125, "multiplier": 1.25}', '2025-11-15 19:41:50'),
	(39, 8, NULL, 1500, 'quiz', '{"score": 100, "baseXp": 1000, "category": "1", "xpEarned": 1500, "multiplier": 1.5}', '2025-11-15 19:43:50'),
	(40, 8, NULL, 500, 'quiz', '{"score": 50, "baseXp": 500, "category": "1", "xpEarned": 500, "multiplier": 1}', '2025-11-15 19:44:48'),
	(41, 8, NULL, 500, 'quiz', '{"score": 50, "baseXp": 500, "category": "1", "xpEarned": 500, "multiplier": 1}', '2025-11-15 19:45:07'),
	(42, 8, NULL, 0, 'quiz', '{"score": 0, "baseXp": 0, "category": "1", "xpEarned": 0, "multiplier": 1}', '2025-11-15 19:45:23'),
	(43, 8, 78, 500, 'quiz', '{"score": 50, "baseXp": 500, "category": "1", "xpEarned": 500, "multiplier": 1}', '2025-11-16 17:52:26'),
	(44, 8, 79, 1500, 'quiz', '{"score": 100, "baseXp": 1000, "category": "4", "xpEarned": 1500, "multiplier": 1.5}', '2025-11-16 17:52:39'),
	(45, 8, 80, 1500, 'quiz', '{"score": 100, "baseXp": 1000, "category": "1", "xpEarned": 1500, "multiplier": 1.5}', '2025-11-16 17:52:57'),
	(46, 8, 81, 1500, 'quiz', '{"score": 100, "baseXp": 1000, "category": "2", "xpEarned": 1500, "multiplier": 1.5}', '2025-11-16 17:53:09'),
	(47, 8, 82, 1500, 'quiz', '{"score": 100, "baseXp": 1000, "category": "3", "xpEarned": 1500, "multiplier": 1.5}', '2025-11-16 17:53:22'),
	(48, 8, 83, 1500, 'quiz', '{"score": 100, "baseXp": 1000, "category": "4", "xpEarned": 1500, "multiplier": 1.5}', '2025-11-16 17:54:32'),
	(49, 8, 84, 1500, 'quiz', '{"score": 100, "baseXp": 1000, "category": "4", "xpEarned": 1500, "multiplier": 1.5}', '2025-11-16 17:54:39'),
	(50, 8, 85, 1500, 'quiz', '{"score": 100, "baseXp": 1000, "category": "4", "xpEarned": 1500, "multiplier": 1.5}', '2025-11-16 17:54:44'),
	(51, 8, 86, 1500, 'quiz', '{"score": 100, "baseXp": 1000, "category": "4", "xpEarned": 1500, "multiplier": 1.5}', '2025-11-16 17:54:56'),
	(52, 8, 87, 1500, 'quiz', '{"score": 100, "baseXp": 1000, "category": "4", "xpEarned": 1500, "multiplier": 1.5}', '2025-11-16 17:55:01'),
	(53, 8, 88, 1500, 'quiz', '{"score": 100, "baseXp": 1000, "category": "1", "xpEarned": 1500, "multiplier": 1.5}', '2025-11-16 17:55:06'),
	(54, 8, 89, 1500, 'quiz', '{"score": 100, "baseXp": 1000, "category": "2", "xpEarned": 1500, "multiplier": 1.5}', '2025-11-16 17:55:11'),
	(55, 8, 90, 1500, 'quiz', '{"score": 100, "baseXp": 1000, "category": "3", "xpEarned": 1500, "multiplier": 1.5}', '2025-11-16 17:55:17'),
	(56, 8, 91, 1500, 'quiz', '{"score": 100, "baseXp": 1000, "category": "4", "xpEarned": 1500, "multiplier": 1.5}', '2025-11-16 19:36:02'),
	(57, 8, 92, 1500, 'quiz', '{"score": 100, "baseXp": 1000, "category": "4", "xpEarned": 1500, "multiplier": 1.5}', '2025-11-16 19:36:15'),
	(58, 8, 93, 1500, 'quiz', '{"score": 100, "baseXp": 1000, "category": "4", "xpEarned": 1500, "multiplier": 1.5}', '2025-11-16 19:36:20'),
	(59, 8, 94, 1500, 'quiz', '{"score": 100, "baseXp": 1000, "category": "4", "xpEarned": 1500, "multiplier": 1.5}', '2025-11-16 19:36:43'),
	(60, 8, 95, 1500, 'quiz', '{"score": 100, "baseXp": 1000, "category": "4", "xpEarned": 1500, "multiplier": 1.5}', '2025-11-16 19:47:06'),
	(61, 8, 96, 1500, 'quiz', '{"score": 100, "baseXp": 1000, "category": "1", "xpEarned": 1500, "multiplier": 1.5}', '2025-11-16 19:47:26'),
	(62, 8, 97, 1500, 'quiz', '{"score": 100, "baseXp": 1000, "category": "1", "xpEarned": 1500, "multiplier": 1.5}', '2025-11-16 19:48:13'),
	(63, 8, 98, 1500, 'quiz', '{"score": 100, "baseXp": 1000, "category": "1", "xpEarned": 1500, "multiplier": 1.5}', '2025-11-16 19:56:56'),
	(64, 9, 99, 1500, 'quiz', '{"score": 100, "baseXp": 1000, "category": "4", "xpEarned": 1500, "multiplier": 1.5}', '2025-11-16 19:57:44'),
	(65, 9, 100, 1500, 'quiz', '{"score": 100, "baseXp": 1000, "category": "4", "xpEarned": 1500, "multiplier": 1.5}', '2025-11-16 19:58:55'),
	(66, 9, 101, 1500, 'quiz', '{"score": 100, "baseXp": 1000, "category": "4", "xpEarned": 1500, "multiplier": 1.5}', '2025-11-16 20:02:05'),
	(67, 9, 102, 1500, 'quiz', '{"score": 100, "baseXp": 1000, "category": "4", "xpEarned": 1500, "multiplier": 1.5}', '2025-11-16 20:04:59'),
	(68, 9, 103, 1500, 'quiz', '{"score": 100, "baseXp": 1000, "category": "4", "xpEarned": 1500, "multiplier": 1.5}', '2025-11-16 20:07:06'),
	(69, 9, 104, 1500, 'quiz', '{"score": 100, "baseXp": 1000, "category": "4", "xpEarned": 1500, "multiplier": 1.5}', '2025-11-16 20:07:37'),
	(70, 10, 105, 500, 'quiz', '{"score": 50, "baseXp": 500, "category": "4", "xpEarned": 500, "multiplier": 1}', '2025-11-16 20:08:09'),
	(71, 10, 106, 0, 'quiz', '{"score": 0, "baseXp": 0, "category": "4", "xpEarned": 0, "multiplier": 1}', '2025-11-16 20:08:31'),
	(72, 10, 107, 0, 'quiz', '{"score": 0, "baseXp": 0, "category": "4", "xpEarned": 0, "multiplier": 1}', '2025-11-16 20:11:55'),
	(73, 10, 108, 500, 'quiz', '{"score": 50, "baseXp": 500, "category": "4", "xpEarned": 500, "multiplier": 1}', '2025-11-16 20:12:03'),
	(74, 10, 109, 0, 'quiz', '{"score": 0, "baseXp": 0, "category": "4", "xpEarned": 0, "multiplier": 1}', '2025-11-16 20:12:07'),
	(75, 10, 110, 500, 'quiz', '{"score": 50, "baseXp": 500, "category": "4", "xpEarned": 500, "multiplier": 1}', '2025-11-16 20:14:24'),
	(76, 10, 111, 0, 'quiz', '{"score": 0, "baseXp": 0, "category": "4", "xpEarned": 0, "multiplier": 1}', '2025-11-16 20:14:29'),
	(77, 10, 112, 500, 'quiz', '{"score": 50, "baseXp": 500, "category": "4", "xpEarned": 500, "multiplier": 1}', '2025-11-16 20:16:41'),
	(78, 10, 113, 0, 'quiz', '{"score": 0, "baseXp": 0, "category": "4", "xpEarned": 0, "multiplier": 1}', '2025-11-16 20:18:49'),
	(79, 10, 114, 0, 'quiz', '{"score": 0, "baseXp": 0, "category": "4", "xpEarned": 0, "multiplier": 1}', '2025-11-16 20:19:40'),
	(80, 10, 115, 0, 'quiz', '{"score": 0, "baseXp": 0, "category": "4", "xpEarned": 0, "multiplier": 1}', '2025-11-16 20:25:03'),
	(81, 10, 116, 500, 'quiz', '{"score": 50, "baseXp": 500, "category": "4", "xpEarned": 500, "multiplier": 1}', '2025-11-16 20:41:58'),
	(82, 10, 117, 0, 'quiz', '{"score": 0, "baseXp": 0, "category": "4", "xpEarned": 0, "multiplier": 1}', '2025-11-16 20:42:03'),
	(83, 9, 118, 1500, 'quiz', '{"score": 100, "baseXp": 1000, "category": "4", "xpEarned": 1500, "multiplier": 1.5}', '2025-11-16 20:43:39'),
	(84, 9, 119, 1500, 'quiz', '{"score": 100, "baseXp": 1000, "category": "4", "xpEarned": 1500, "multiplier": 1.5}', '2025-11-16 20:43:45'),
	(85, 11, 120, 500, 'quiz', '{"score": 50, "baseXp": 500, "category": "4", "xpEarned": 500, "multiplier": 1}', '2025-11-16 20:44:25'),
	(86, 11, 121, 500, 'quiz', '{"score": 50, "baseXp": 500, "category": "4", "xpEarned": 500, "multiplier": 1}', '2025-11-16 20:51:46'),
	(87, 8, 122, 1500, 'quiz', '{"score": 100, "baseXp": 1000, "category": "4", "xpEarned": 1500, "multiplier": 1.5}', '2025-11-17 20:41:56'),
	(88, 11, 123, 1500, 'quiz', '{"score": 100, "baseXp": 1000, "category": "4", "xpEarned": 1500, "multiplier": 1.5}', '2025-11-17 20:47:24'),
	(89, 11, 124, 1500, 'quiz', '{"score": 100, "baseXp": 1000, "category": "4", "xpEarned": 1500, "multiplier": 1.5}', '2025-11-17 20:52:04'),
	(90, 8, 125, 500, 'quiz', '{"score": 50, "baseXp": 500, "category": "4", "xpEarned": 500, "multiplier": 1}', '2025-11-17 21:20:49'),
	(91, 8, 126, 1500, 'quiz', '{"score": 100, "baseXp": 1000, "category": "4", "xpEarned": 1500, "multiplier": 1.5}', '2025-11-17 21:21:11'),
	(92, 8, 127, 500, 'quiz', '{"score": 50, "baseXp": 500, "category": "4", "xpEarned": 500, "multiplier": 1}', '2025-11-17 21:21:55'),
	(93, 8, 128, 0, 'quiz', '{"score": 0, "baseXp": 0, "category": "4", "xpEarned": 0, "multiplier": 1}', '2025-11-17 21:21:59'),
	(94, 8, 129, 1500, 'quiz', '{"score": 100, "baseXp": 1000, "category": "3", "xpEarned": 1500, "multiplier": 1.5}', '2025-11-17 21:56:26'),
	(95, 8, 131, 1500, 'quiz', '{"score": 100, "baseXp": 1000, "category": "3", "xpEarned": 1500, "multiplier": 1.5}', '2025-11-17 22:06:23'),
	(96, 8, 132, 500, 'quiz', '{"score": 50, "baseXp": 500, "category": "3", "xpEarned": 500, "multiplier": 1}', '2025-11-17 22:06:36'),
	(97, 8, 133, 0, 'quiz', '{"score": 0, "baseXp": 0, "category": "3", "xpEarned": 0, "multiplier": 1}', '2025-11-17 22:06:48'),
	(98, 8, 134, 0, 'quiz', '{"score": 0, "baseXp": 0, "category": "4", "xpEarned": 0, "multiplier": 1}', '2025-11-17 22:08:37'),
	(99, 8, 135, 1500, 'quiz', '{"score": 100, "baseXp": 1000, "category": "4", "xpEarned": 1500, "multiplier": 1.5}', '2025-11-17 22:47:15'),
	(100, 10, 136, 670, 'quiz', '{"score": 67, "baseXp": 670, "category": "4", "xpEarned": 670, "multiplier": 1}', '2025-11-18 22:51:56'),
	(101, 10, 137, 330, 'quiz', '{"score": 33, "baseXp": 330, "category": "3", "xpEarned": 330, "multiplier": 1}', '2025-11-18 22:52:19'),
	(102, 11, 138, 330, 'quiz', '{"score": 33, "baseXp": 330, "category": "4", "xpEarned": 330, "multiplier": 1}', '2025-11-18 23:54:20'),
	(103, 11, 139, 1500, 'quiz', '{"score": 100, "baseXp": 1000, "category": "4", "xpEarned": 1500, "multiplier": 1.5}', '2025-11-18 23:54:36'),
	(104, 11, 140, 1500, 'quiz', '{"score": 100, "baseXp": 1000, "category": "4", "xpEarned": 1500, "multiplier": 1.5}', '2025-11-18 23:55:11'),
	(105, 11, 141, 1500, 'quiz', '{"score": 100, "baseXp": 1000, "category": "4", "xpEarned": 1500, "multiplier": 1.5}', '2025-11-18 23:55:36'),
	(106, 12, 142, 1500, 'quiz', '{"score": 100, "baseXp": 1000, "category": "4", "xpEarned": 1500, "multiplier": 1.5}', '2025-11-18 23:59:29'),
	(107, 12, 143, 1500, 'quiz', '{"score": 100, "baseXp": 1000, "category": "1", "xpEarned": 1500, "multiplier": 1.5}', '2025-11-19 00:00:24'),
	(108, 9, 144, 1500, 'quiz', '{"score": 100, "baseXp": 1000, "category": "4", "xpEarned": 1500, "multiplier": 1.5}', '2025-11-19 00:01:41'),
	(109, 8, 145, 1500, 'quiz', '{"score": 100, "baseXp": 1000, "category": "2", "xpEarned": 1500, "multiplier": 1.5}', '2025-11-19 00:08:56'),
	(110, 9, 146, 500, 'quiz', '{"score": 50, "baseXp": 500, "category": "1", "xpEarned": 500, "multiplier": 1}', '2025-11-19 00:09:30'),
	(111, 12, 147, 1500, 'quiz', '{"score": 100, "baseXp": 1000, "category": "4", "xpEarned": 1500, "multiplier": 1.5}', '2025-11-19 00:09:45'),
	(112, 9, 148, 500, 'quiz', '{"score": 50, "baseXp": 500, "category": "2", "xpEarned": 500, "multiplier": 1}', '2025-11-19 00:09:58'),
	(113, 8, 149, 330, 'quiz', '{"score": 33, "baseXp": 330, "category": "4", "xpEarned": 330, "multiplier": 1}', '2025-11-19 20:09:42'),
	(114, 8, 150, 330, 'quiz', '{"score": 33, "baseXp": 330, "category": "4", "xpEarned": 330, "multiplier": 1}', '2025-11-19 20:17:54'),
	(115, 8, 151, 330, 'quiz', '{"score": 33, "baseXp": 330, "category": "4", "xpEarned": 330, "multiplier": 1}', '2025-11-19 20:22:40'),
	(116, 8, 152, 500, 'quiz', '{"score": 50, "baseXp": 500, "category": "1", "xpEarned": 500, "multiplier": 1}', '2025-11-19 20:28:36'),
	(117, 8, 153, 330, 'quiz', '{"score": 33, "baseXp": 330, "category": "4", "xpEarned": 330, "multiplier": 1}', '2025-11-19 21:32:23'),
	(118, 8, 154, 330, 'quiz', '{"score": 33, "baseXp": 330, "category": "4", "xpEarned": 330, "multiplier": 1}', '2025-11-19 21:38:13'),
	(119, 8, 155, 0, 'quiz', '{"score": 0, "baseXp": 0, "category": "1", "xpEarned": 0, "multiplier": 1}', '2025-11-19 21:42:23'),
	(120, 8, 156, 500, 'quiz', '{"score": 50, "baseXp": 500, "category": "1", "xpEarned": 500, "multiplier": 1}', '2025-11-19 21:47:46'),
	(121, 8, 157, 500, 'quiz', '{"score": 50, "baseXp": 500, "category": "1", "xpEarned": 500, "multiplier": 1}', '2025-11-19 21:47:56'),
	(122, 8, 158, 0, 'quiz', '{"score": 0, "baseXp": 0, "category": "3", "xpEarned": 0, "multiplier": 1}', '2025-11-19 21:48:28'),
	(123, 8, 159, 0, 'quiz', '{"score": 0, "baseXp": 0, "category": "1", "xpEarned": 0, "multiplier": 1}', '2025-11-19 21:48:41'),
	(124, 8, 160, 500, 'quiz', '{"score": 50, "baseXp": 500, "category": "1", "xpEarned": 500, "multiplier": 1}', '2025-11-19 21:52:32'),
	(125, 8, 161, 0, 'quiz', '{"score": 0, "baseXp": 0, "category": "1", "xpEarned": 0, "multiplier": 1}', '2025-11-19 21:52:50'),
	(126, 8, 162, 500, 'quiz', '{"score": 50, "baseXp": 500, "category": "1", "xpEarned": 500, "multiplier": 1}', '2025-11-19 21:53:05'),
	(127, 8, 163, 500, 'quiz', '{"score": 50, "baseXp": 500, "category": "1", "xpEarned": 500, "multiplier": 1}', '2025-11-19 21:53:19'),
	(128, 8, 164, 1500, 'quiz', '{"score": 100, "baseXp": 1000, "category": "1", "xpEarned": 1500, "multiplier": 1.5}', '2025-11-19 21:58:02'),
	(129, 8, 165, 1500, 'quiz', '{"score": 100, "baseXp": 1000, "category": "1", "xpEarned": 1500, "multiplier": 1.5}', '2025-11-19 21:59:13'),
	(130, 8, 166, 1500, 'quiz', '{"score": 100, "baseXp": 1000, "category": "1", "xpEarned": 1500, "multiplier": 1.5}', '2025-11-19 22:00:11'),
	(131, 8, 167, 1500, 'quiz', '{"score": 100, "baseXp": 1000, "category": "1", "xpEarned": 1500, "multiplier": 1.5}', '2025-11-19 22:01:41'),
	(132, 8, 168, 500, 'quiz', '{"score": 50, "baseXp": 500, "category": "1", "xpEarned": 500, "multiplier": 1}', '2025-11-19 22:06:20'),
	(133, 8, 169, 0, 'quiz', '{"score": 0, "baseXp": 0, "category": "1", "xpEarned": 0, "multiplier": 1}', '2025-11-19 22:10:34'),
	(134, 8, 170, 500, 'quiz', '{"score": 50, "baseXp": 500, "category": "1", "xpEarned": 500, "multiplier": 1}', '2025-11-19 22:10:41'),
	(135, 8, 171, 0, 'quiz', '{"score": 0, "baseXp": 0, "category": "1", "xpEarned": 0, "multiplier": 1}', '2025-11-19 22:15:12'),
	(136, 8, 172, 1500, 'quiz', '{"score": 100, "baseXp": 1000, "category": "1", "xpEarned": 1500, "multiplier": 1.5}', '2025-11-19 22:15:47'),
	(137, 8, 173, 330, 'quiz', '{"score": 33, "baseXp": 330, "category": "4", "xpEarned": 330, "multiplier": 1}', '2025-11-19 22:19:42'),
	(138, 8, 174, 0, 'quiz', '{"score": 0, "baseXp": 0, "category": "1", "xpEarned": 0, "multiplier": 1}', '2025-11-19 22:21:21'),
	(139, 8, 175, 500, 'quiz', '{"score": 50, "baseXp": 500, "category": "1", "xpEarned": 500, "multiplier": 1}', '2025-11-19 22:21:35'),
	(140, 12, 176, 500, 'quiz', '{"score": 50, "baseXp": 500, "category": "1", "xpEarned": 500, "multiplier": 1}', '2025-11-21 15:46:17'),
	(141, 8, 177, 0, 'quiz', '{"score": 0, "baseXp": 0, "category": "1", "xpEarned": 0, "multiplier": 1}', '2025-11-24 14:06:21'),
	(142, 8, 178, 1500, 'quiz', '{"score": 100, "baseXp": 1000, "category": "1", "xpEarned": 1500, "multiplier": 1.5}', '2025-11-24 14:15:08'),
	(143, 8, 179, 500, 'quiz', '{"score": 50, "baseXp": 500, "category": "2", "xpEarned": 500, "multiplier": 1}', '2025-11-24 14:30:11'),
	(144, 13, 180, 0, 'quiz', '{"score": 0, "baseXp": 0, "category": "4", "xpEarned": 0, "multiplier": 1}', '2025-11-24 15:49:48'),
	(145, 13, 181, 200, 'quiz', '{"score": 20, "baseXp": 200, "category": "4", "xpEarned": 200, "multiplier": 1}', '2025-11-24 15:51:58'),
	(146, 12, 182, 1500, 'quiz', '{"score": 100, "baseXp": 1000, "category": "3", "xpEarned": 1500, "multiplier": 1.5}', '2025-11-24 15:55:01'),
	(147, 15, 183, 700, 'quiz', '{"score": 70, "baseXp": 700, "category": "4", "xpEarned": 700, "multiplier": 1}', '2025-11-24 16:37:53'),
	(148, 8, 184, 600, 'quiz', '{"score": 60, "baseXp": 600, "category": "4", "xpEarned": 600, "multiplier": 1}', '2025-12-03 22:29:55'),
	(149, 8, 185, 500, 'quiz', '{"score": 50, "baseXp": 500, "category": "4", "xpEarned": 500, "multiplier": 1}', '2025-12-08 23:16:12');

-- Volcando estructura para tabla quizz-tech-backend.questions
CREATE TABLE IF NOT EXISTS `questions` (
  `id` int unsigned NOT NULL AUTO_INCREMENT,
  `category_id` int unsigned NOT NULL,
  `scenario_id` int unsigned DEFAULT NULL,
  `text` text NOT NULL,
  `difficulty` enum('facil','medio','dificil') NOT NULL DEFAULT 'medio',
  `created_at` timestamp NULL DEFAULT CURRENT_TIMESTAMP,
  `updated_at` timestamp NULL DEFAULT CURRENT_TIMESTAMP ON UPDATE CURRENT_TIMESTAMP,
  PRIMARY KEY (`id`),
  KEY `idx_questions_category_id` (`category_id`),
  KEY `idx_questions_scenario_id` (`scenario_id`),
  CONSTRAINT `fk_questions_category` FOREIGN KEY (`category_id`) REFERENCES `categories` (`id`) ON DELETE CASCADE,
  CONSTRAINT `fk_questions_scenario` FOREIGN KEY (`scenario_id`) REFERENCES `scenarios` (`id`) ON DELETE SET NULL
) ENGINE=InnoDB AUTO_INCREMENT=50 DEFAULT CHARSET=utf8mb4 COLLATE=utf8mb4_0900_ai_ci;

-- Volcando datos para la tabla quizz-tech-backend.questions: ~40 rows (aproximadamente)
INSERT INTO `questions` (`id`, `category_id`, `scenario_id`, `text`, `difficulty`, `created_at`, `updated_at`) VALUES
	(1, 1, 1, '¿Para qué se utiliza una VLAN?', 'facil', '2025-11-24 14:05:46', '2025-11-24 14:05:46'),
	(11, 3, 2, 'Detectas que un servidor web recibe muchas peticiones desde múltiples IPs, ¿qué acción inmediata deberías tomar?', 'medio', '2025-11-24 14:14:52', '2025-11-24 14:14:52'),
	(12, 3, 3, 'Un switch muestra alta actividad de broadcast en una VLAN; ¿qué revisarías primero?', 'medio', '2025-11-24 14:14:52', '2025-11-24 14:14:52'),
	(13, 3, 4, 'Si un usuario no puede acceder a un recurso que otros sí, ¿qué verificarías primero?', 'medio', '2025-11-24 14:14:52', '2025-11-24 14:14:52'),
	(14, 3, 5, 'Si un cable UTP provoca desconexiones intermitentes, ¿qué deberías hacer primero?', 'facil', '2025-11-24 14:14:52', '2025-11-24 14:14:52'),
	(15, 3, 6, 'Ante múltiples intentos de autenticación fallidos desde una IP, ¿qué deberías hacer primero?', 'medio', '2025-11-24 14:14:52', '2025-11-24 14:14:52'),
	(16, 3, 7, 'Si la WiFi presenta interferencias repentinas ¿qué deberías revisar primero?', 'medio', '2025-11-24 14:14:52', '2025-11-24 14:14:52'),
	(17, 3, 8, 'Al ver rutas duplicadas en un router, ¿qué acción inicial es más indicada?', 'dificil', '2025-11-24 14:14:52', '2025-11-24 14:14:52'),
	(18, 3, 9, 'Si hay conflictos de IP asignadas por DHCP, ¿qué debes verificar primero?', 'medio', '2025-11-24 14:14:52', '2025-11-24 14:14:52'),
	(19, 3, 10, 'Encuentras un dispositivo no autorizado conectado a la red interna, ¿qué haces primero?', 'medio', '2025-11-24 14:14:52', '2025-11-24 14:14:52'),
	(20, 3, 11, 'El firewall registra intentos de conexión hacia un puerto que tu empresa no utiliza. ¿Qué deberías hacer primero?', 'medio', '2025-11-24 14:16:38', '2025-11-24 14:16:38'),
	(21, 2, 12, 'Detectas que una tabla muy usada no tiene índices. ¿Cuál es la primera acción que deberías tomar?', 'medio', '2025-11-24 14:18:24', '2025-11-24 14:18:24'),
	(22, 2, 13, 'Notas múltiples deadlocks al actualizar una tabla. ¿Qué deberías hacer primero?', 'dificil', '2025-11-24 14:18:31', '2025-11-24 14:18:31'),
	(23, 2, 14, 'Detectas corrupción en una tabla crítica. ¿Qué acción es la más adecuada?', 'dificil', '2025-11-24 14:18:42', '2025-11-24 14:18:42'),
	(24, 2, 15, 'Los binlogs están llenando el disco rápidamente. ¿Qué deberías hacer primero?', 'medio', '2025-11-24 14:18:53', '2025-11-24 14:18:53'),
	(25, 2, 16, 'Detectas un usuario con permisos root sin justificación. ¿Qué haces primero?', 'facil', '2025-11-24 14:18:58', '2025-11-24 14:18:58'),
	(26, 2, 17, 'Tu réplica está atrasada varios minutos. ¿Qué revisas primero?', 'medio', '2025-11-24 14:19:03', '2025-11-24 14:19:03'),
	(27, 2, 18, 'Varias transacciones están bloqueadas porque una sesión dejó un bloqueo abierto. ¿Qué haces?', 'medio', '2025-11-24 14:19:10', '2025-11-24 14:19:10'),
	(28, 2, 19, 'Detectas que varios servicios usan SELECT *. ¿Qué deberías recomendar?', 'facil', '2025-11-24 14:19:15', '2025-11-24 14:19:15'),
	(29, 2, 20, 'Descubres que la empresa no tiene backups consistentes. ¿Qué haces primero?', 'medio', '2025-11-24 14:19:21', '2025-11-24 14:19:21'),
	(30, 2, 21, 'Detectas un bug crítico en producción. ¿Qué acción es la más adecuada inicialmente?', 'dificil', '2025-11-24 14:26:31', '2025-11-24 14:26:31'),
	(31, 2, 22, 'Tienes un conflicto en Git en archivos críticos. ¿Qué haces primero?', 'medio', '2025-11-24 14:26:37', '2025-11-24 14:26:37'),
	(32, 2, 23, 'Vas a refactorizar código crítico sin tests. ¿Qué deberías hacer primero?', 'medio', '2025-11-24 14:26:43', '2025-11-24 14:26:43'),
	(33, 2, 24, 'El pipeline falla en tu PR. ¿Qué haces primero?', 'facil', '2025-11-24 14:26:48', '2025-11-24 14:26:48'),
	(34, 2, 25, 'Un script falla por memoria insuficiente. ¿Qué deberías hacer primero?', 'medio', '2025-11-24 14:26:52', '2025-11-24 14:26:52'),
	(35, 2, 26, 'Actualizar librerías rompe la app. ¿Qué deberías hacer?', 'dificil', '2025-11-24 14:26:59', '2025-11-24 14:26:59'),
	(36, 2, 27, 'Detectas que una función crítica es lenta. ¿Qué haces primero?', 'medio', '2025-11-24 14:27:04', '2025-11-24 14:27:04'),
	(37, 2, 28, 'Falta validación de inputs. ¿Cuál es la primera acción correcta?', 'facil', '2025-11-24 14:27:08', '2025-11-24 14:27:08'),
	(38, 2, 29, 'Vas a desplegar y no hay backup reciente. ¿Qué haces?', 'medio', '2025-11-24 14:27:12', '2025-11-24 14:27:12'),
	(39, 2, 30, 'Detectas que un PR crítico no tiene revisión. ¿Qué haces?', 'facil', '2025-11-24 14:27:19', '2025-11-24 14:27:19'),
	(40, 4, 31, 'Quieres implementar logging distribuido. ¿Qué patrón usarías?', 'medio', '2025-11-24 14:37:49', '2025-11-24 14:37:49'),
	(41, 4, 32, 'Para manejar picos de tráfico, ¿qué estrategia arquitectónica es mejor?', 'medio', '2025-11-24 14:37:49', '2025-11-24 14:37:49'),
	(42, 4, 33, '¿Qué factor es más crítico para decidir microservicios?', 'medio', '2025-11-24 14:37:49', '2025-11-24 14:37:49'),
	(43, 4, 34, 'Para alta disponibilidad, ¿qué enfoque usarías?', 'dificil', '2025-11-24 14:37:49', '2025-11-24 14:37:49'),
	(44, 4, 35, 'Para mantener sesiones consistentes en varios servidores, ¿qué harías?', 'medio', '2025-11-24 14:37:49', '2025-11-24 14:37:49'),
	(45, 4, 36, 'Para proteger datos sensibles, ¿qué arquitectura implementarías?', 'dificil', '2025-11-24 14:37:49', '2025-11-24 14:37:49'),
	(46, 4, 37, 'Para detectar problemas temprano, ¿qué harías?', 'facil', '2025-11-24 14:37:49', '2025-11-24 14:37:49'),
	(47, 4, 38, 'Para optimizar rendimiento, ¿qué técnica usarías?', 'medio', '2025-11-24 14:37:49', '2025-11-24 14:37:49'),
	(48, 4, 39, 'Para actualizar sin interrumpir el servicio, ¿qué estrategia aplicarías?', 'dificil', '2025-11-24 14:37:49', '2025-11-24 14:37:49'),
	(49, 4, 40, 'Para escalar servicios correctamente, ¿qué arquitectura implementarías?', 'dificil', '2025-11-24 14:37:49', '2025-11-24 14:37:49');

-- Volcando estructura para tabla quizz-tech-backend.scenarios
CREATE TABLE IF NOT EXISTS `scenarios` (
  `id` int unsigned NOT NULL AUTO_INCREMENT,
  `category_id` int unsigned NOT NULL,
  `title` varchar(150) NOT NULL,
  `description` text,
  `created_at` timestamp NULL DEFAULT CURRENT_TIMESTAMP,
  `updated_at` timestamp NULL DEFAULT CURRENT_TIMESTAMP ON UPDATE CURRENT_TIMESTAMP,
  PRIMARY KEY (`id`),
  KEY `idx_scenarios_category_id` (`category_id`),
  CONSTRAINT `fk_scenarios_category` FOREIGN KEY (`category_id`) REFERENCES `categories` (`id`) ON DELETE CASCADE
) ENGINE=InnoDB AUTO_INCREMENT=41 DEFAULT CHARSET=utf8mb4 COLLATE=utf8mb4_0900_ai_ci;

-- Volcando datos para la tabla quizz-tech-backend.scenarios: ~40 rows (aproximadamente)
INSERT INTO `scenarios` (`id`, `category_id`, `title`, `description`, `created_at`, `updated_at`) VALUES
	(1, 1, 'Escenario: Conceptos básicos de VLAN', 'Un switch de 24 puertos requiere segmentación.', '2025-11-24 14:05:32', '2025-11-24 14:05:32'),
	(2, 3, 'Ataque DDoS detectado', 'Tráfico inusualmente alto desde múltiples orígenes hacia el servidor web, usuarios reportan lentitud y caídas.', '2025-11-24 14:14:52', '2025-11-24 14:14:52'),
	(3, 3, 'Alta tasa de broadcast en VLAN', 'Un segmento de la red muestra una alta tasa de broadcast que afecta a usuarios en esa VLAN.', '2025-11-24 14:14:52', '2025-11-24 14:14:52'),
	(4, 3, 'Acceso a recurso compartido fallido para un usuario', 'Un empleado no puede acceder a una carpeta compartida, otros usuarios sí pueden acceder.', '2025-11-24 14:14:52', '2025-11-24 14:14:52'),
	(5, 3, 'Conexiones intermitentes en cable UTP', 'Un empleado reporta desconexiones intermitentes por cable de red en su puesto.', '2025-11-24 14:14:52', '2025-11-24 14:14:52'),
	(6, 3, 'Intentos de autenticación fallidos desde misma IP', 'El firewall muestra repetidos fallos de login procedentes de una IP externa.', '2025-11-24 14:14:52', '2025-11-24 14:14:52'),
	(7, 3, 'Interferencias y pérdida en red WiFi', 'Usuarios reportan baja señal y desconexiones intermitentes en varios APs.', '2025-11-24 14:14:52', '2025-11-24 14:14:52'),
	(8, 3, 'Rutas duplicadas en router', 'Se observan rutas duplicadas en la tabla del router que provocan latencia y desconexiones intermitentes.', '2025-11-24 14:14:52', '2025-11-24 14:14:52'),
	(9, 3, 'IP duplicada por DHCP', 'Varios equipos informan conflicto de IP en la red; DHCP parece asignar duplicados.', '2025-11-24 14:14:52', '2025-11-24 14:14:52'),
	(10, 3, 'Dispositivo no autorizado en la red', 'Se detecta una máquina desconocida conectada a la red interna sin autorización del área de TI.', '2025-11-24 14:14:52', '2025-11-24 14:14:52'),
	(11, 3, 'Tráfico sospechoso hacia un puerto no utilizado', 'El firewall detecta tráfico entrante constante hacia un puerto que no está en uso por ningún servicio interno.', '2025-11-24 14:16:38', '2025-11-24 14:16:38'),
	(12, 1, 'Consultas lentas en tabla con millones de registros', 'El equipo reporta que una consulta simple tarda más de 10 segundos en ejecutarse.', '2025-11-24 14:18:24', '2025-11-24 14:24:29'),
	(13, 1, 'Deadlocks constantes en transacciones concurrentes', 'Los logs reportan deadlocks frecuentes al actualizar la misma tabla.', '2025-11-24 14:18:31', '2025-11-24 14:24:40'),
	(14, 1, 'Posible corrupción detectada en tablas críticas', 'Una verificación reporta inconsistencias en una tabla con información financiera.', '2025-11-24 14:18:42', '2025-11-24 14:24:43'),
	(15, 1, 'Logs binarios consumiendo todo el almacenamiento', 'El servidor se queda sin espacio debido a un crecimiento descontrolado de los binlogs.', '2025-11-24 14:18:53', '2025-11-24 14:24:47'),
	(16, 1, 'Usuario con permisos administrativos innecesarios', 'Un desarrollador tiene acceso root a la base de datos por error.', '2025-11-24 14:18:58', '2025-11-24 14:24:50'),
	(17, 1, 'Replica atrasada varios minutos', 'El slave muestra retrasos crecientes respecto del master.', '2025-11-24 14:19:03', '2025-11-24 14:24:53'),
	(18, 1, 'Transacciones bloqueadas por una sesión inactiva', 'Una transacción olvidada mantiene bloqueos y detiene procesos.', '2025-11-24 14:19:10', '2025-11-24 14:24:56'),
	(19, 1, 'Uso excesivo de SELECT * en producción', 'Las consultas traen más datos de los necesarios y saturan el tráfico.', '2025-11-24 14:19:15', '2025-11-24 14:24:59'),
	(20, 1, 'Empresa sin backups consistentes', 'Un incidente revela que los backups no estaban funcionando correctamente.', '2025-11-24 14:19:21', '2025-11-24 14:25:02'),
	(21, 2, 'Bug crítico en producción', 'Una nueva versión de la app provoca errores en múltiples usuarios.', '2025-11-24 14:26:31', '2025-11-24 14:26:31'),
	(22, 2, 'Conflicto de merge en Git', 'Al hacer merge de tu rama, Git indica conflictos en archivos clave.', '2025-11-24 14:26:37', '2025-11-24 14:26:37'),
	(23, 2, 'Código sin pruebas unitarias', 'Un módulo crítico no tiene tests y hay que refactorizarlo.', '2025-11-24 14:26:43', '2025-11-24 14:26:43'),
	(24, 2, 'PR bloqueado por CI/CD', 'El pipeline de integración falla y bloquea tu pull request.', '2025-11-24 14:26:48', '2025-11-24 14:26:48'),
	(25, 2, 'Script que consume demasiada memoria', 'Un script batch falla por falta de RAM en producción.', '2025-11-24 14:26:52', '2025-11-24 14:26:52'),
	(26, 2, 'Conflicto de dependencias', 'Al actualizar librerías, la app falla por incompatibilidad.', '2025-11-24 14:26:59', '2025-11-24 14:26:59'),
	(27, 2, 'Función crítica muy lenta', 'Una función de la app tarda demasiado en ejecutarse y afecta usuarios.', '2025-11-24 14:27:04', '2025-11-24 14:27:04'),
	(28, 2, 'Falta de validación de inputs', 'Usuarios pueden enviar datos maliciosos en formularios de la app.', '2025-11-24 14:27:08', '2025-11-24 14:27:08'),
	(29, 2, 'Deploy crítico sin backups recientes', 'Se va a desplegar una versión que podría romper producción.', '2025-11-24 14:27:12', '2025-11-24 14:27:12'),
	(30, 2, 'Pull request sin revisión', 'Un desarrollador quiere mergear cambios sin revisión.', '2025-11-24 14:27:19', '2025-11-24 14:27:19'),
	(31, 4, 'Elección de patrón de diseño', 'Decidir qué patrón usar para un sistema de logging distribuido.', '2025-11-24 14:37:49', '2025-11-24 14:37:49'),
	(32, 4, 'Escalabilidad del sistema', 'Un servicio web tiene picos de tráfico muy altos.', '2025-11-24 14:37:49', '2025-11-24 14:37:49'),
	(33, 4, 'Monolito vs microservicios', 'Decidir arquitectura para un nuevo proyecto.', '2025-11-24 14:37:49', '2025-11-24 14:37:49'),
	(34, 4, 'Bases de datos distribuidas', 'Se requiere alta disponibilidad y tolerancia a fallos.', '2025-11-24 14:37:49', '2025-11-24 14:37:49'),
	(35, 4, 'Gestión de sesiones', 'Sistema web con múltiples servidores.', '2025-11-24 14:37:49', '2025-11-24 14:37:49'),
	(36, 4, 'Seguridad en arquitectura', 'Una aplicación expone datos sensibles.', '2025-11-24 14:37:49', '2025-11-24 14:37:49'),
	(37, 4, 'Logging y monitoreo', 'Sistema crítico requiere detección temprana de fallos.', '2025-11-24 14:37:49', '2025-11-24 14:37:49'),
	(38, 4, 'Caching de datos', 'Aplicación web con alta carga de lectura.', '2025-11-24 14:37:49', '2025-11-24 14:37:49'),
	(39, 4, 'Actualización de componentes críticos', 'Actualizar librerías y servicios sin romper producción.', '2025-11-24 14:37:49', '2025-11-24 14:37:49'),
	(40, 4, 'Escalabilidad de servicios', 'Servicios que requieren alta disponibilidad y baja latencia.', '2025-11-24 14:37:49', '2025-11-24 14:37:49');

-- Volcando estructura para tabla quizz-tech-backend.user_answers
CREATE TABLE IF NOT EXISTS `user_answers` (
  `id` int unsigned NOT NULL AUTO_INCREMENT,
  `user_quiz_id` int unsigned NOT NULL,
  `question_id` int unsigned NOT NULL,
  `answer_id` int unsigned NOT NULL,
  `is_correct` tinyint(1) DEFAULT NULL,
  `created_at` timestamp NULL DEFAULT CURRENT_TIMESTAMP,
  PRIMARY KEY (`id`),
  KEY `idx_user_answers_user_quiz_id` (`user_quiz_id`),
  KEY `idx_user_answers_question_id` (`question_id`),
  KEY `idx_user_answers_answer_id` (`answer_id`),
  CONSTRAINT `fk_user_answers_answer` FOREIGN KEY (`answer_id`) REFERENCES `answers` (`id`) ON DELETE CASCADE,
  CONSTRAINT `fk_user_answers_question` FOREIGN KEY (`question_id`) REFERENCES `questions` (`id`) ON DELETE CASCADE,
  CONSTRAINT `fk_user_answers_user_quiz` FOREIGN KEY (`user_quiz_id`) REFERENCES `user_quizzes` (`id`) ON DELETE CASCADE
) ENGINE=InnoDB AUTO_INCREMENT=73 DEFAULT CHARSET=utf8mb4 COLLATE=utf8mb4_0900_ai_ci;

-- Volcando datos para la tabla quizz-tech-backend.user_answers: ~72 rows (aproximadamente)
INSERT INTO `user_answers` (`id`, `user_quiz_id`, `question_id`, `answer_id`, `is_correct`, `created_at`) VALUES
	(1, 177, 1, 2, 0, '2025-11-24 14:06:21'),
	(2, 178, 1, 1, 1, '2025-11-24 14:15:08'),
	(3, 179, 30, 84, 0, '2025-11-24 14:30:11'),
	(4, 179, 32, 89, 1, '2025-11-24 14:30:11'),
	(5, 179, 31, 85, 1, '2025-11-24 14:30:11'),
	(6, 179, 35, 104, 0, '2025-11-24 14:30:11'),
	(7, 179, 37, 112, 0, '2025-11-24 14:30:11'),
	(8, 179, 36, 105, 1, '2025-11-24 14:30:11'),
	(9, 179, 34, 99, 0, '2025-11-24 14:30:11'),
	(10, 179, 38, 113, 1, '2025-11-24 14:30:11'),
	(11, 179, 33, 93, 1, '2025-11-24 14:30:11'),
	(12, 179, 39, 119, 0, '2025-11-24 14:30:11'),
	(13, 180, 40, 122, 0, '2025-11-24 15:49:48'),
	(14, 180, 47, 151, 0, '2025-11-24 15:49:48'),
	(15, 180, 48, 156, 0, '2025-11-24 15:49:48'),
	(16, 180, 44, 139, 0, '2025-11-24 15:49:48'),
	(17, 180, 45, 144, 0, '2025-11-24 15:49:48'),
	(18, 180, 49, 160, 0, '2025-11-24 15:49:48'),
	(19, 180, 43, 136, 0, '2025-11-24 15:49:48'),
	(20, 180, 42, 131, 0, '2025-11-24 15:49:48'),
	(21, 180, 41, 128, 0, '2025-11-24 15:49:48'),
	(22, 180, 46, 147, 0, '2025-11-24 15:49:48'),
	(23, 181, 44, 138, 0, '2025-11-24 15:51:58'),
	(24, 181, 48, 156, 0, '2025-11-24 15:51:58'),
	(25, 181, 46, 145, 1, '2025-11-24 15:51:58'),
	(26, 181, 43, 134, 0, '2025-11-24 15:51:58'),
	(27, 181, 45, 142, 0, '2025-11-24 15:51:58'),
	(28, 181, 41, 125, 1, '2025-11-24 15:51:58'),
	(29, 181, 47, 151, 0, '2025-11-24 15:51:58'),
	(30, 181, 40, 122, 0, '2025-11-24 15:51:58'),
	(31, 181, 42, 130, 0, '2025-11-24 15:51:58'),
	(32, 181, 49, 159, 0, '2025-11-24 15:51:58'),
	(33, 182, 16, 25, 1, '2025-11-24 15:55:01'),
	(34, 182, 20, 41, 1, '2025-11-24 15:55:01'),
	(35, 182, 17, 29, 1, '2025-11-24 15:55:01'),
	(36, 182, 13, 13, 1, '2025-11-24 15:55:01'),
	(37, 182, 15, 21, 1, '2025-11-24 15:55:01'),
	(38, 182, 11, 5, 1, '2025-11-24 15:55:01'),
	(39, 182, 14, 17, 1, '2025-11-24 15:55:01'),
	(40, 182, 19, 37, 1, '2025-11-24 15:55:01'),
	(41, 182, 18, 33, 1, '2025-11-24 15:55:01'),
	(42, 182, 12, 9, 1, '2025-11-24 15:55:01'),
	(43, 183, 40, 122, 0, '2025-11-24 16:37:53'),
	(44, 183, 47, 149, 1, '2025-11-24 16:37:53'),
	(45, 183, 45, 141, 1, '2025-11-24 16:37:53'),
	(46, 183, 48, 153, 1, '2025-11-24 16:37:53'),
	(47, 183, 46, 146, 0, '2025-11-24 16:37:53'),
	(48, 183, 42, 129, 1, '2025-11-24 16:37:53'),
	(49, 183, 43, 135, 0, '2025-11-24 16:37:53'),
	(50, 183, 49, 157, 1, '2025-11-24 16:37:53'),
	(51, 183, 41, 125, 1, '2025-11-24 16:37:53'),
	(52, 183, 44, 137, 1, '2025-11-24 16:37:53'),
	(53, 184, 46, 145, 1, '2025-12-03 22:29:55'),
	(54, 184, 47, 149, 1, '2025-12-03 22:29:55'),
	(55, 184, 43, 134, 0, '2025-12-03 22:29:55'),
	(56, 184, 44, 137, 1, '2025-12-03 22:29:55'),
	(57, 184, 42, 129, 1, '2025-12-03 22:29:55'),
	(58, 184, 41, 125, 1, '2025-12-03 22:29:55'),
	(59, 184, 48, 154, 0, '2025-12-03 22:29:55'),
	(60, 184, 49, 159, 0, '2025-12-03 22:29:55'),
	(61, 184, 45, 144, 0, '2025-12-03 22:29:55'),
	(62, 184, 40, 121, 1, '2025-12-03 22:29:55'),
	(63, 185, 40, 121, 1, '2025-12-08 23:16:12'),
	(64, 185, 46, 145, 1, '2025-12-08 23:16:12'),
	(65, 185, 48, 156, 0, '2025-12-08 23:16:12'),
	(66, 185, 47, 150, 0, '2025-12-08 23:16:12'),
	(67, 185, 45, 141, 1, '2025-12-08 23:16:12'),
	(68, 185, 49, 157, 1, '2025-12-08 23:16:12'),
	(69, 185, 42, 131, 0, '2025-12-08 23:16:12'),
	(70, 185, 43, 135, 0, '2025-12-08 23:16:12'),
	(71, 185, 41, 128, 0, '2025-12-08 23:16:12'),
	(72, 185, 44, 137, 1, '2025-12-08 23:16:12');

-- Volcando estructura para tabla quizz-tech-backend.user_quizzes
CREATE TABLE IF NOT EXISTS `user_quizzes` (
  `id` int unsigned NOT NULL AUTO_INCREMENT,
  `user_id` int unsigned NOT NULL,
  `category_id` int unsigned DEFAULT NULL,
  `category` varchar(100) DEFAULT NULL,
  `score` double NOT NULL,
  `duration_seconds` int NOT NULL DEFAULT '0',
  `created_at` datetime NOT NULL DEFAULT CURRENT_TIMESTAMP,
  `client_quiz_id` varchar(191) DEFAULT NULL,
  `finalized` tinyint(1) NOT NULL DEFAULT '0',
  PRIMARY KEY (`id`),
  UNIQUE KEY `ux_user_client_quiz` (`user_id`,`client_quiz_id`),
  KEY `user_id` (`user_id`),
  KEY `idx_user_quizzes_category_id` (`category_id`)
) ENGINE=InnoDB AUTO_INCREMENT=186 DEFAULT CHARSET=utf8mb4 COLLATE=utf8mb4_0900_ai_ci;

-- Volcando datos para la tabla quizz-tech-backend.user_quizzes: ~94 rows (aproximadamente)
INSERT INTO `user_quizzes` (`id`, `user_id`, `category_id`, `category`, `score`, `duration_seconds`, `created_at`, `client_quiz_id`, `finalized`) VALUES
	(78, 8, 1, '1', 50, 6, '2025-11-16 13:52:26', 'quiz-1763315539160-7slku4', 1),
	(79, 8, 4, '4', 100, 3, '2025-11-16 13:52:39', 'quiz-1763315556037-wu09nu', 1),
	(80, 8, 1, '1', 100, 3, '2025-11-16 13:52:57', 'quiz-1763315573549-v8sxyh', 1),
	(81, 8, 2, '2', 100, 4, '2025-11-16 13:53:09', 'quiz-1763315585011-y2nm6w', 1),
	(82, 8, 3, '3', 100, 3, '2025-11-16 13:53:22', 'quiz-1763315598385-9o8tpz', 1),
	(83, 8, 4, '4', 100, 3, '2025-11-16 13:54:32', 'quiz-1763315669106-5ue5c3', 1),
	(84, 8, 4, '4', 100, 3, '2025-11-16 13:54:39', 'quiz-1763315675543-jz4am4', 1),
	(85, 8, 4, '4', 100, 3, '2025-11-16 13:54:44', 'quiz-1763315681732-3u4k1u', 1),
	(86, 8, 4, '4', 100, 2, '2025-11-16 13:54:56', 'quiz-1763315693555-06geya', 1),
	(87, 8, 4, '4', 100, 2, '2025-11-16 13:55:01', 'quiz-1763315698859-usnmi6', 1),
	(88, 8, 1, '1', 100, 2, '2025-11-16 13:55:06', 'quiz-1763315703384-ynky9f', 1),
	(89, 8, 2, '2', 100, 2, '2025-11-16 13:55:11', 'quiz-1763315708681-d65qs4', 1),
	(90, 8, 3, '3', 100, 3, '2025-11-16 13:55:17', 'quiz-1763315713926-lc32s2', 1),
	(91, 8, NULL, '4', 100, 2, '2025-11-16 15:36:02', 'quiz-1763321758963-6cahf1', 1),
	(92, 8, NULL, '4', 100, 2, '2025-11-16 15:36:15', 'quiz-1763321773101-p7rn08', 1),
	(93, 8, NULL, '4', 100, 2, '2025-11-16 15:36:20', 'quiz-1763321777597-cd72ww', 1),
	(94, 8, NULL, '4', 100, 3, '2025-11-16 15:36:43', 'quiz-1763321799961-xit51a', 1),
	(95, 8, NULL, '4', 100, 3, '2025-11-16 15:47:06', 'quiz-1763322423104-xjqk6r', 1),
	(96, 8, NULL, '1', 100, 4, '2025-11-16 15:47:26', 'quiz-1763322434909-l4wbo2', 1),
	(97, 8, NULL, '1', 100, 3, '2025-11-16 15:48:13', 'quiz-1763322489039-jkpl11', 1),
	(98, 8, NULL, '1', 100, 75, '2025-11-16 15:56:56', 'quiz-1763322941214-lplz9p', 1),
	(99, 9, NULL, '4', 100, 3, '2025-11-16 15:57:44', 'quiz-1763323061679-nr4199', 1),
	(100, 9, NULL, '4', 100, 3, '2025-11-16 15:58:55', 'quiz-1763323132225-afa6rx', 1),
	(101, 9, NULL, '4', 100, 3, '2025-11-16 16:02:05', 'quiz-1763323321844-g0es2j', 1),
	(102, 9, NULL, '4', 100, 3, '2025-11-16 16:04:59', 'quiz-1763323496145-f2cnbm', 1),
	(103, 9, NULL, '4', 100, 2, '2025-11-16 16:07:06', 'quiz-1763323623874-12n9l4', 1),
	(104, 9, NULL, '4', 100, 5, '2025-11-16 16:07:37', 'quiz-1763323651425-8d4dmk', 1),
	(105, 10, NULL, '4', 50, 4, '2025-11-16 16:08:09', 'quiz-1763323685752-tpj0ix', 1),
	(106, 10, NULL, '4', 0, 4, '2025-11-16 16:08:31', 'quiz-1763323706643-5cpsz6', 1),
	(107, 10, NULL, '4', 0, 2, '2025-11-16 16:11:55', 'quiz-1763323912760-ncqy0e', 1),
	(108, 10, NULL, '4', 50, 3, '2025-11-16 16:12:03', 'quiz-1763323919690-uompxv', 1),
	(109, 10, NULL, '4', 0, 2, '2025-11-16 16:12:07', 'quiz-1763323924864-5ukzhc', 1),
	(110, 10, NULL, '4', 50, 4, '2025-11-16 16:14:24', 'quiz-1763324059384-w4qjnk', 1),
	(111, 10, NULL, '4', 0, 2, '2025-11-16 16:14:29', 'quiz-1763324066922-84nbk8', 1),
	(112, 10, NULL, '4', 50, 3, '2025-11-16 16:16:41', 'quiz-1763324197912-6c1nq9', 1),
	(113, 10, NULL, '4', 0, 3, '2025-11-16 16:18:49', 'quiz-1763324326202-emqxgk', 1),
	(114, 10, NULL, '4', 0, 4, '2025-11-16 16:19:40', 'quiz-1763324376551-7dproy', 1),
	(115, 10, NULL, '4', 0, 2, '2025-11-16 16:25:03', 'quiz-1763324700333-gmm08n', 1),
	(116, 10, NULL, '4', 50, 3, '2025-11-16 16:41:58', 'quiz-1763325662241-bx6ipe', 1),
	(117, 10, NULL, '4', 0, 2, '2025-11-16 16:42:03', 'quiz-1763325721205-hx2yu3', 1),
	(118, 9, NULL, '4', 100, 2, '2025-11-16 16:43:39', 'quiz-1763325816075-be2vs4', 1),
	(119, 9, NULL, '4', 100, 2, '2025-11-16 16:43:45', 'quiz-1763325822491-yfx4lc', 1),
	(120, 11, NULL, '4', 50, 3, '2025-11-16 16:44:25', 'quiz-1763325861521-jp9rd8', 1),
	(121, 11, NULL, '4', 50, 131, '2025-11-16 16:51:46', 'quiz-1763326174749-ich7zn', 1),
	(122, 8, NULL, '4', 100, 4, '2025-11-17 16:41:56', 'quiz-1763412110653-saipcy', 1),
	(123, 11, NULL, '4', 100, 2, '2025-11-17 16:47:24', 'quiz-1763412441126-9ze2g0', 1),
	(124, 11, NULL, '4', 100, 2, '2025-11-17 16:52:04', 'quiz-1763412721995-60kr7x', 1),
	(125, 8, NULL, '4', 50, 4, '2025-11-17 17:20:49', 'quiz-1763414444432-lcbrtm', 1),
	(126, 8, NULL, '4', 100, 2, '2025-11-17 17:21:11', 'quiz-1763414468282-onou4p', 1),
	(127, 8, NULL, '4', 50, 3, '2025-11-17 17:21:55', 'quiz-1763414511995-xm88qh', 1),
	(128, 8, NULL, '4', 0, 2, '2025-11-17 17:21:59', 'quiz-1763414516475-x33k0s', 1),
	(129, 8, NULL, '3', 100, 5, '2025-11-17 17:56:26', NULL, 1),
	(130, 8, 4, '4', 100, 5, '2025-11-17 18:05:06', NULL, 1),
	(131, 8, 3, '3', 100, 3, '2025-11-17 18:06:23', NULL, 1),
	(132, 8, 3, '3', 50, 3, '2025-11-17 18:06:36', NULL, 1),
	(133, 8, 3, '3', 0, 3, '2025-11-17 18:06:48', NULL, 1),
	(134, 8, 4, '4', 0, 36, '2025-11-17 18:08:37', NULL, 1),
	(135, 8, 4, '4', 100, 8, '2025-11-17 18:47:15', NULL, 1),
	(136, 10, 4, '4', 67, 17, '2025-11-18 18:51:56', NULL, 1),
	(137, 10, 3, '3', 33, 9, '2025-11-18 18:52:19', NULL, 1),
	(138, 11, 4, '4', 33, 68, '2025-11-18 19:54:20', NULL, 1),
	(139, 11, 4, '4', 100, 12, '2025-11-18 19:54:36', NULL, 1),
	(140, 11, 4, '4', 100, 10, '2025-11-18 19:55:11', NULL, 1),
	(141, 11, 4, '4', 100, 8, '2025-11-18 19:55:36', NULL, 1),
	(142, 12, 4, '4', 100, 7, '2025-11-18 19:59:29', NULL, 1),
	(143, 12, 1, '1', 100, 7, '2025-11-18 20:00:24', NULL, 1),
	(144, 9, 4, '4', 100, 7, '2025-11-18 20:01:41', NULL, 1),
	(145, 8, 2, '2', 100, 3, '2025-11-18 20:08:56', NULL, 1),
	(146, 9, 1, '1', 50, 46, '2025-11-18 20:09:30', NULL, 1),
	(147, 12, 4, '4', 100, 7, '2025-11-18 20:09:45', NULL, 1),
	(148, 9, 2, '2', 50, 20, '2025-11-18 20:09:58', NULL, 1),
	(149, 8, 4, '4', 33, 256, '2025-11-19 16:09:42', NULL, 1),
	(150, 8, 4, '4', 33, 7, '2025-11-19 16:17:54', NULL, 1),
	(151, 8, 4, '4', 33, 6, '2025-11-19 16:22:40', NULL, 1),
	(152, 8, 1, '1', 50, 4, '2025-11-19 16:28:36', NULL, 1),
	(153, 8, 4, '4', 33, 12, '2025-11-19 17:32:23', NULL, 1),
	(154, 8, 4, '4', 33, 9, '2025-11-19 17:38:13', NULL, 1),
	(155, 8, 1, '1', 0, 37, '2025-11-19 17:42:23', NULL, 1),
	(156, 8, 1, '1', 50, 38, '2025-11-19 17:47:46', NULL, 1),
	(157, 8, 1, '1', 50, 5, '2025-11-19 17:47:56', NULL, 1),
	(158, 8, 3, '3', 0, 16, '2025-11-19 17:48:28', NULL, 1),
	(159, 8, 1, '1', 0, 7, '2025-11-19 17:48:41', NULL, 1),
	(160, 8, 1, '1', 50, 19, '2025-11-19 17:52:32', NULL, 1),
	(161, 8, 1, '1', 0, 11, '2025-11-19 17:52:50', NULL, 1),
	(162, 8, 1, '1', 50, 13, '2025-11-19 17:53:05', NULL, 1),
	(163, 8, 1, '1', 50, 11, '2025-11-19 17:53:19', NULL, 1),
	(164, 8, 1, '1', 100, 251, '2025-11-19 17:58:02', NULL, 1),
	(165, 8, 1, '1', 100, 70, '2025-11-19 17:59:13', NULL, 1),
	(166, 8, 1, '1', 100, 54, '2025-11-19 18:00:11', NULL, 1),
	(167, 8, 1, '1', 100, 88, '2025-11-19 18:01:41', NULL, 1),
	(168, 8, 1, '1', 50, 277, '2025-11-19 18:06:20', NULL, 1),
	(169, 8, 1, '1', 0, 223, '2025-11-19 18:10:34', NULL, 1),
	(170, 8, 1, '1', 50, 5, '2025-11-19 18:10:41', NULL, 1),
	(171, 8, 1, '1', 0, 270, '2025-11-19 18:15:12', NULL, 1),
	(172, 8, 1, '1', 100, 32, '2025-11-19 18:15:47', NULL, 1),
	(173, 8, 4, '4', 33, 139, '2025-11-19 18:19:42', NULL, 1),
	(174, 8, 1, '1', 0, 11, '2025-11-19 18:21:21', NULL, 1),
	(175, 8, 1, '1', 50, 12, '2025-11-19 18:21:35', NULL, 1),
	(176, 12, 1, '1', 50, 63, '2025-11-21 11:46:17', NULL, 1),
	(177, 8, 1, '1', 0, 11, '2025-11-24 10:06:21', NULL, 1),
	(178, 8, 1, '1', 100, 88, '2025-11-24 10:15:08', NULL, 1),
	(179, 8, 2, '2', 50, 118, '2025-11-24 10:30:11', NULL, 1),
	(180, 13, 4, '4', 0, 42, '2025-11-24 11:49:48', NULL, 1),
	(181, 13, 4, '4', 20, 63, '2025-11-24 11:51:58', NULL, 1),
	(182, 12, 3, '3', 100, 226, '2025-11-24 11:55:01', NULL, 1),
	(183, 15, 4, '4', 70, 207, '2025-11-24 12:37:53', NULL, 1),
	(184, 8, 4, '4', 60, 454, '2025-12-03 18:29:55', NULL, 1),
	(185, 8, 4, '4', 50, 46, '2025-12-08 19:16:12', NULL, 1);

/*!40103 SET TIME_ZONE=IFNULL(@OLD_TIME_ZONE, 'system') */;
/*!40101 SET SQL_MODE=IFNULL(@OLD_SQL_MODE, '') */;
/*!40014 SET FOREIGN_KEY_CHECKS=IFNULL(@OLD_FOREIGN_KEY_CHECKS, 1) */;
/*!40101 SET CHARACTER_SET_CLIENT=@OLD_CHARACTER_SET_CLIENT */;
/*!40111 SET SQL_NOTES=IFNULL(@OLD_SQL_NOTES, 1) */;
